,Category,Category_ID,Avg_length_videos_title,Avg_length_videos_description,Avg_length_of_tags,liveBroadcastContent,Avg_videoviews,Avg_videolikes,Avg_videofavors,Avg_videocomments
0,Pets & Animals,15,36.98,1661.56,29.42,none,2821030.26,40870.6,0.0,2142.22
1,Pets & Animals,15,70.84,1.34,0.0,none,17767486.52,861790.46,0.0,1673.42
2,Pets & Animals,15,64.78,627.9,13.72,none,455428.66,17520.54,0.0,719.18
3,Pets & Animals,15,84.56,1875.66,11.9,none,1755611.34,4763.86,0.0,95.1
4,Pets & Animals,15,47.54,589.46,19.96,none,665358.28,32765.54,0.0,1754.48
5,Pets & Animals,15,21.92,1065.7,19.64,none,39894250.06,303369.0,0.0,7632.9
6,Pets & Animals,15,45.78,702.54,1.0,none,43570.7,1714.58,0.0,50.72
7,Pets & Animals,15,48.75555555555553,110.66666666666669,5.4222222222222225,none,459606.6888888889,10471.955555555556,0.0,54.9111111111111
8,Pets & Animals,15,61.18,121.22,22.02,none,77007.14,348.34,0.0,0.0
9,Pets & Animals,15,50.76,390.42,36.74,none,12201507.58,32888.98,0.0,464.42
10,Pets & Animals,15,65.88,475.54,13.78,none,101346.44,2348.9,0.0,128.34
11,Pets & Animals,15,41.6,129.38,10.98,none,966981.54,54992.14,0.0,624.26
12,Pets & Animals,15,89.52,228.92,0.94,none,10123870.52,43440.08,0.0,159.2
13,Pets & Animals,15,69.24,826.58,26.62,none,59205.24,2014.16,0.0,112.54
14,Pets & Animals,15,68.28,1228.38,0.0,none,252390.88,17611.6,0.0,628.06
15,Pets & Animals,15,38.52,1122.02,18.18,none,1530939.42,33917.96,0.0,243.18
16,Pets & Animals,15,56.32,318.04,39.96,none,139676.16,3328.84,0.0,248.38
17,Pets & Animals,15,44.72,897.32,28.76,none,705292.4,2311.32,0.0,25.14
18,Pets & Animals,15,28.5,1306.66,2.52,none,3680474.86,148828.6,0.0,5585.76
19,Pets & Animals,15,50.44,418.38,0.0,none,1728292.14,138242.18,0.0,1341.88
20,Pets & Animals,15,73.68,415.52,1.36,none,23447.56,786.12,0.0,48.62
21,Pets & Animals,15,66.78,977.24,20.1,none,3562218.98,22459.68,0.0,803.84
22,Pets & Animals,15,29.92682926829268,13.219512195121947,0.24390243902439024,none,36154.170731707316,755.8780487804878,0.0,3.5121951219512195
23,Pets & Animals,15,49.16,788.7,22.66,none,19928.26,244.5,0.0,15.76
24,Pets & Animals,15,77.86,8.66,0.28,none,1154177.74,85734.7,0.0,1014.16
25,Pets & Animals,15,96.54,935.56,26.0,none,217180.04,636.56,0.0,14.66
26,Pets & Animals,15,49.24,732.64,19.34,none,93221.84,3680.34,0.0,281.42
27,Pets & Animals,15,58.4,638.38,16.58,none,514504.5,40540.34,0.0,504.84
28,Pets & Animals,15,60.6,1095.28,14.0,none,19989.16,1085.92,0.0,25.68
29,Pets & Animals,15,46.02,627.02,20.52,none,598713.66,6159.42,0.0,270.14
30,Pets & Animals,15,41.32,2013.54,19.96,none,1086533.76,6990.74,0.0,740.24
31,Pets & Animals,15,44.56,815.5,12.24,none,66651.9,3352.08,0.0,259.9
32,Pets & Animals,15,40.66,204.38,9.32,none,10269595.28,124496.34,0.0,18403.26
33,Pets & Animals,15,32.54,263.92,2.68,none,825688.02,48508.84,0.0,347.92
34,Pets & Animals,15,88.275,535.875,12.55,upcoming,7764939.85,21654.475,0.0,357.925
35,Pets & Animals,15,81.88,3449.16,31.1,none,113952.74,580.76,0.0,8.16
36,Pets & Animals,15,33.98,945.22,29.54,none,20744.34,999.06,0.0,173.12
37,Pets & Animals,15,59.3,774.66,20.82,none,360690.42,9252.96,0.0,433.04
38,Pets & Animals,15,44.86,0.0,0.0,none,809328.44,10474.96,0.0,1108.18
39,Pets & Animals,15,79.3,614.3,10.0,upcoming,6252.3,110.7,0.0,3.6
40,Pets & Animals,15,42.88,506.46,6.62,none,2688924.96,152224.54,0.0,5402.76
41,Pets & Animals,15,43.86,909.74,21.14,none,2757676.24,59060.56,0.0,3385.12
42,Pets & Animals,15,36.72,109.14,16.18,none,4209932.12,134766.82,0.0,3204.74
43,Pets & Animals,15,30.7,523.8,7.1,none,6438160.54,187652.52,0.0,2131.64
44,Pets & Animals,15,59.4375,264.4375,33.5625,none,50751146.8125,88150.8125,0.0,3979.75
45,Pets & Animals,15,32.9,282.78,2.2,none,9129250.54,483910.84,0.0,4183.0
46,Pets & Animals,15,38.98,62.0,0.0,none,1187399.1,37813.06,0.0,834.06
47,Pets & Animals,15,57.22,524.3,0.0,none,1498.58,52.02,0.0,6.18
48,Pets & Animals,15,34.4,77.18,0.5,none,114573.88,7783.34,0.0,394.22
49,Pets & Animals,15,48.86,1316.22,28.18,none,1214283.92,37997.32,0.0,4952.1
50,Pets & Animals,15,60.78,1835.92,4.56,none,16520.2,380.46,0.0,48.24
51,Pets & Animals,15,50.96,402.3,25.84,none,398682.4,7794.62,0.0,536.78
52,Pets & Animals,15,45.94,179.6,37.6,none,3867660.54,12042.34,0.0,141.7
53,Pets & Animals,15,76.8,469.2,25.3,upcoming,84167.6,507.1,0.0,0.2
54,Pets & Animals,15,44.24,394.3,34.0,none,549022.54,10744.96,0.0,202.88
55,Pets & Animals,15,93.94,884.88,28.68,none,8212853.84,26036.02,0.0,303.6
56,Pets & Animals,15,43.64444444444445,112.66666666666669,5.4222222222222225,none,58495.37777777777,1165.1777777777775,0.0,2.7333333333333334
57,Pets & Animals,15,41.22,1142.54,0.96,none,905695.36,36437.6,0.0,1488.12
58,Pets & Animals,15,46.3,655.56,12.62,none,962000.08,21168.02,0.0,1540.36
59,Pets & Animals,15,46.22,235.94,24.16,none,3309452.26,8395.36,0.0,0.0
60,Pets & Animals,15,40.32,998.32,22.08,none,58816.92,5383.18,0.0,461.74
61,Pets & Animals,15,39.88,56.12,0.18,none,605.54,0.0,0.0,0.22
62,Pets & Animals,15,65.32,1050.32,31.18,none,5985885.78,62004.76,0.0,408.84
63,Pets & Animals,15,48.04,448.44,8.36,none,18587.8,865.12,0.0,55.96
64,Pets & Animals,15,68.08,597.22,18.82,none,71536.98,1063.8,0.0,79.62
65,Pets & Animals,15,75.24,2580.34,22.08,none,396228.8,2046.5,0.0,44.82
66,Pets & Animals,15,48.28,373.78,53.14,none,187757.88,8670.64,0.0,653.26
67,Pets & Animals,15,80.82,667.54,21.0,none,105341.64,2730.12,0.0,111.94
68,Pets & Animals,15,29.66,54.62,0.0,none,1283983.28,48752.6,0.0,427.06
69,Pets & Animals,15,62.1,1255.74,23.0,none,38509.92,1611.86,0.0,26.58
70,Pets & Animals,15,29.54347826086957,22.56521739130435,5.478260869565218,none,2725609.434782609,129113.04347826086,0.0,4852.913043478261
71,Pets & Animals,15,35.46,454.18,18.14,none,205852.28,17370.86,0.0,1468.7
72,Pets & Animals,15,70.54,375.24,12.9,none,75274.78,399.24,0.0,4.82
73,Pets & Animals,15,21.88,0.0,0.0,none,4211299.88,212881.62,0.0,1225.3
74,Pets & Animals,15,46.18,961.04,28.7,none,5602632.82,42975.3,0.0,3198.88
75,Pets & Animals,15,31.1,365.66,18.64,none,8873498.82,593972.14,0.0,3329.14
76,Pets & Animals,15,89.98,937.42,27.42,none,654618.84,3170.88,0.0,85.52
77,Pets & Animals,15,82.18,1177.94,20.72,none,96322.26,1579.56,0.0,130.02
78,Pets & Animals,15,38.78,1128.84,15.7,none,17325.68,419.88,0.0,27.08
79,Pets & Animals,15,39.74,212.92,20.52,none,8221.2,204.22,0.0,18.16
80,Pets & Animals,15,36.28,176.94,10.2,none,2719.3,65.4,0.0,4.7
81,Pets & Animals,15,55.98,2285.5,18.3,none,69141.62,604.56,0.0,18.02
82,Pets & Animals,15,45.0,53.5,29.0,upcoming,5614.0,987.5,0.0,2.0
83,Pets & Animals,15,45.48,539.84,3.32,none,12514790.68,44366.56,0.0,5.76
84,Pets & Animals,15,52.52,340.72,17.34,none,5209.46,177.58,0.0,6.54
85,Pets & Animals,15,72.94,1643.24,1.14,none,209794.0,1065.18,0.0,18.6
86,Pets & Animals,15,34.88,1684.64,20.88,none,160186.14,732.02,0.0,60.28
87,Pets & Animals,15,49.12,1366.36,20.04,none,190542.1,2589.72,0.0,249.64
88,Pets & Animals,15,46.25,267.75,17.75,none,20383.0,94.0,0.0,2.5
89,Pets & Animals,15,34.1,178.78,11.44,none,430410.52,11349.98,0.0,483.22
90,Pets & Animals,15,53.72,1651.84,34.46,none,1198845.7,17478.64,0.0,662.76
91,Pets & Animals,15,53.02,771.28,19.72,none,5936.4,100.4,0.0,8.0
92,Pets & Animals,15,50.34,264.68,35.86,none,1917734.58,5783.5,0.0,65.54
93,Pets & Animals,15,22.8,121.26,3.02,none,9314409.26,23440.74,0.0,14.78
94,Pets & Animals,15,55.735294117647065,2823.9411764705883,22.588235294117645,none,13330286.029411765,225346.0,0.0,1261.1764705882354
95,Pets & Animals,15,89.78,1055.74,22.62,none,88302.54,317.88,0.0,7.58
96,Pets & Animals,15,96.9,691.88,25.96,none,356524.62,1088.26,0.0,16.64
97,Pets & Animals,15,40.25581395348837,117.25581395348836,0.0,none,609.0930232558139,10.488372093023257,0.0,0.5813953488372093
98,Pets & Animals,15,40.14,435.3,19.42,none,5506.12,123.88,0.0,3.84
99,Film & Animation,1,58.42,1730.02,20.34,none,23176.32,206.6,0.0,20.08
100,Film & Animation,1,72.84,3182.66,24.04,none,2434545.34,9934.42,0.0,0.0
101,Film & Animation,1,51.32,2993.32,28.74,none,2660592.3,11721.06,0.0,5.12
102,Film & Animation,1,65.86,1395.6,23.62,none,23505169.62,36014.3,0.0,0.0
103,Film & Animation,1,76.84,975.46,24.58,none,128763.06,420.28,0.0,0.0
104,Film & Animation,1,60.0,722.46,30.3,none,522453.02,2658.06,0.0,0.0
105,Film & Animation,1,46.2,466.12,11.08,none,53973286.1,840345.46,0.0,26401.96
106,Film & Animation,1,74.76,1305.22,23.0,none,1106668.2,7932.0,0.0,0.0
107,Film & Animation,1,44.74,1246.2,15.9,none,72757.26,1628.04,0.0,129.38
108,Film & Animation,1,52.0,637.78,23.62,none,11760.88,304.72,0.0,0.0
109,Film & Animation,1,64.72,3940.54,25.24,none,5040967.12,30031.18,0.0,0.0
110,Film & Animation,1,19.632653061224488,7.632653061224492,0.08163265306122447,none,48158.12244897959,0.0,0.0,0.0
111,Film & Animation,1,41.92,602.0,0.0,none,7400115.98,204031.32,0.0,7384.5
112,Film & Animation,1,93.16,2489.12,23.7,none,1441262.1,4620.04,0.0,0.0
113,Film & Animation,1,96.18,2485.56,29.52,none,2133102.9,7646.62,0.0,0.0
114,Film & Animation,1,33.98,1572.02,9.84,none,26107043.66,717242.58,0.0,70434.96
115,Film & Animation,1,57.2,1320.46,24.9,none,3845485.66,167903.24,0.0,8371.84
116,Film & Animation,1,95.9,2062.88,23.68,none,771144.98,1986.0,0.0,0.0
117,Film & Animation,1,96.7,1305.36,32.24,none,86630.38,0.0,0.0,0.0
118,Film & Animation,1,86.86,983.16,18.42,none,23530.38,69.82,0.0,0.02
119,Film & Animation,1,46.3,2184.18,5.28,none,4265732.88,44160.1,0.0,2318.08
120,Film & Animation,1,39.62,3911.54,17.98,none,2012814.94,93092.76,0.0,2764.78
121,Film & Animation,1,77.88,618.22,17.16,none,4365510.92,48303.38,0.0,1464.52
122,Film & Animation,1,78.16,1954.44,32.38,none,675709.82,2959.46,0.0,0.0
123,Film & Animation,1,63.875,2682.5,45.75,none,626886873.25,1639458.5,0.0,18907.0
124,Film & Animation,1,77.58,4097.28,23.2,none,83639.96,1241.72,0.0,0.0
125,Film & Animation,1,58.98,2107.06,19.56,none,415471.9,14743.12,0.0,1342.02
126,Film & Animation,1,53.26,804.7,28.82,none,99894.7,5539.28,0.0,126.72
127,Film & Animation,1,36.66,718.5,18.3,none,4805820.62,77543.7,0.0,3253.68
128,Film & Animation,1,66.16326530612245,2338.326530612245,22.693877551020414,none,205740.59183673467,1372.8979591836735,0.0,0.0
129,Film & Animation,1,39.28,393.12,33.4,none,218379.6,903.04,0.0,0.0
130,Film & Animation,1,25.64,447.42,8.68,none,3043740.7,118288.96,0.0,4469.92
131,Film & Animation,1,65.72,820.6,29.14,none,5028775.52,24080.32,0.0,238.58
132,Film & Animation,1,58.34,1923.84,25.0,none,284103.82,8310.26,0.0,13.06
133,Film & Animation,1,79.77083333333333,485.5,0.0,none,8695303.979166666,94634.0625,0.0,1596.625
134,Film & Animation,1,42.1,824.86,5.24,none,13865109.52,542258.9,0.0,42964.38
135,Film & Animation,1,56.66,1097.16,11.28,none,2990463.58,26024.24,0.0,1465.44
136,Film & Animation,1,59.34,1247.98,28.34,none,825952.16,30165.08,0.0,1236.3
137,Film & Animation,1,89.875,2302.9,22.05,none,357581.35,1742.1,0.0,0.0
138,Film & Animation,1,44.54,759.84,7.88,none,291658.78,7907.44,0.0,95.04
139,Film & Animation,1,36.86,763.7,14.94,none,1259452.68,45685.98,0.0,2754.62
140,Film & Animation,1,48.764705882352935,281.0,0.0,none,962.3529411764706,4.0588235294117645,0.0,0.6470588235294118
141,Film & Animation,1,68.42,288.8,13.0,none,2573220.66,134233.58,0.0,178.58
142,Film & Animation,1,56.16,1662.38,20.32,none,25933602.68,95346.82,0.0,0.0
143,Film & Animation,1,82.56,1838.56,23.08,none,115804.22,2926.12,0.0,88.12
144,Film & Animation,1,58.54,660.9,31.56,none,388251.28,560.72,0.0,0.0
145,Film & Animation,1,61.9,1737.62,30.36,none,53619.0,2051.48,0.0,132.56
146,Film & Animation,1,85.86,1669.02,20.0,none,530114.82,4174.56,0.0,0.72
147,Film & Animation,1,71.42,1623.34,22.72,none,16438.56,97.26,0.0,0.0
148,Film & Animation,1,88.2,1576.38,17.28,none,157866.46,656.5,0.0,0.0
149,Film & Animation,1,37.14,284.88,22.64,none,12173905.98,73863.86,0.0,0.0
150,Film & Animation,1,58.74,1717.48,28.76,none,298912.4,1472.06,0.0,0.0
151,Film & Animation,1,60.56,483.56,16.18,none,5666810.46,174824.82,0.0,413.26
152,Film & Animation,1,67.84,2970.18,30.2,none,168906.88,4040.2,0.0,132.76
153,Film & Animation,1,72.66,995.3,26.9,none,12780.18,29.74,0.0,0.0
154,Film & Animation,1,90.66,1875.98,28.4,none,533795.12,2324.92,0.0,0.0
155,Film & Animation,1,94.56,2060.04,19.58,none,220789.52,5466.5,0.0,183.16
156,Film & Animation,1,39.38,1235.9,27.7,none,1072116.8,49143.32,0.0,2813.98
157,Film & Animation,1,75.8409090909091,1000.2045454545456,23.20454545454545,none,238633.4545454545,1304.7045454545455,0.0,0.8636363636363636
158,Film & Animation,1,45.34,367.92,3.98,none,63310.94,772.32,0.0,3.12
159,Film & Animation,1,27.68,513.4,40.0,none,18114.64,105.46,0.0,4.6
160,Film & Animation,1,40.72,214.64,8.3,none,502267.3,9312.62,0.0,750.66
161,Film & Animation,1,89.96,1372.02,21.7,none,720.14,10.14,0.0,0.66
162,Film & Animation,1,44.84,1055.78,5.04,none,3569093.56,40001.46,0.0,1290.44
163,Film & Animation,1,76.78723404255321,80.42553191489361,11.893617021276595,none,35267.404255319154,168.3404255319149,0.0,0.0
164,Film & Animation,1,74.6842105263158,223.10526315789474,16.0,none,142925.05263157893,718.6315789473683,0.0,19.21052631578948
165,Film & Animation,1,47.34,192.12,12.36,none,7540.34,100.4,0.0,8.34
166,Film & Animation,1,44.36,383.6,5.88,none,176490.42,1659.02,0.0,5.58
167,Film & Animation,1,65.06,595.8,21.32,none,3209796.22,40829.04,0.0,599.38
168,Film & Animation,1,61.38,1610.08,34.26,none,654746.66,3080.22,0.0,0.0
169,Film & Animation,1,58.06,448.66,27.2,none,86694.6,1384.02,0.0,72.0
170,Film & Animation,1,60.58,386.24,10.72,none,400491.1,11483.3,0.0,843.18
171,Film & Animation,1,60.04,2348.0,23.0,none,130669.84,886.54,0.0,0.0
172,Film & Animation,1,79.76,530.28,11.68,none,10414.74,90.28,0.0,1.58
173,Film & Animation,1,67.22,476.36,11.0,none,927253.1,12457.6,0.0,98.66
174,Film & Animation,1,45.04,1305.78,18.62,none,16903.54,112.8,0.0,0.0
175,Film & Animation,1,72.24,557.24,15.66,none,10612504.38,59446.7,0.0,860.4
176,Film & Animation,1,51.22,344.52,16.3,none,182895.14,5075.66,0.0,279.66
177,Film & Animation,1,50.6938775510204,8.224489795918366,0.0,none,56007.26530612245,273.7959183673469,0.0,0.0
178,Film & Animation,1,72.62,68.1,12.0,none,19656.86,116.7,0.0,1.14
179,Film & Animation,1,32.1,291.32,7.22,none,3953670.54,200246.62,0.0,3867.52
180,Film & Animation,1,72.7,919.0,30.0,none,327854.42,2409.54,0.0,0.0
181,Film & Animation,1,86.76,1323.14,27.74,none,43853.22,725.26,0.0,0.0
182,Film & Animation,1,46.42,365.66,1.0,none,381028.92,6938.84,0.0,700.66
183,Film & Animation,1,48.3,1229.56,0.3,none,4000190.1,69582.72,0.0,2244.02
184,Film & Animation,1,37.56,1265.96,13.78,none,2556071.48,47860.18,0.0,2179.38
185,Film & Animation,1,37.48,2001.9,21.38,none,1060644.86,42536.7,0.0,4059.0
186,Film & Animation,1,53.88,1594.96,10.6,none,3746872.32,56630.16,0.0,1659.9
187,Film & Animation,1,69.42,749.14,17.62,none,534386.1,10659.66,0.0,127.12
188,Film & Animation,1,73.72,2346.74,24.7,none,13857.06,502.1,0.0,27.82
189,Film & Animation,1,46.26,102.14,13.22,none,431157.2,4906.52,0.0,471.94
190,Film & Animation,1,28.16,3806.64,28.7,none,6888471.0,90543.26,0.0,2386.82
191,Film & Animation,1,40.4,630.64,10.06,none,678544.72,29676.18,0.0,3727.2
192,Film & Animation,1,42.66,1466.08,1.8,none,1547665.22,40911.2,0.0,5950.14
193,Film & Animation,1,76.02,306.02,42.42,none,20011966.36,113961.46,0.0,2857.6
194,Film & Animation,1,63.6,2293.36,37.24,none,177244.62,0.0,0.0,0.0
195,Film & Animation,1,35.68,1026.04,18.26,none,64720.78,4390.84,0.0,268.14
196,Film & Animation,1,84.78,164.72,19.38,none,660011.66,9249.4,0.0,76.3
197,Film & Animation,1,31.84,401.0,7.16,none,3948913.22,30229.06,0.0,566.98
198,Film & Animation,1,97.4,499.44,35.08,none,295868.64,1396.5,0.0,19.78
199,Music,10,43.22,1612.56,20.56,none,2862134.54,64638.64,0.0,2430.8
200,Music,10,47.38,377.3,5.54,none,15020325.86,373136.04,0.0,18843.46
201,Music,10,50.46,1497.08,18.14,none,34126961.8,793101.22,0.0,32328.94
202,Music,10,72.18,3079.1,23.6,none,3116860.18,13738.62,0.0,0.16
203,Music,10,61.1,2149.76,15.84,none,14183295.08,567074.92,0.0,11133.66
204,Music,10,57.52,758.66,10.74,none,13063444.04,412144.06,0.0,14167.98
205,Music,10,68.22,1249.88,16.4,none,1212152.62,13901.04,0.0,232.4
206,Music,10,55.56,1008.28,15.36,none,7954334.52,192004.42,0.0,12453.48
207,Music,10,51.06,252.8,5.96,none,5911902.36,233161.42,0.0,13722.46
208,Music,10,65.24,138.16,2.36,none,2397636.22,38875.02,0.0,911.86
209,Music,10,53.52,1034.56,9.62,none,39438548.4,358336.04,0.0,9911.06
210,Music,10,67.84,2339.06,19.3,none,99382481.44,871990.12,0.0,27672.78
211,Music,10,52.9,921.94,15.38,none,29441153.56,538165.96,0.0,21070.08
212,Music,10,47.68,1294.26,9.3,none,17574728.82,461115.98,0.0,20355.0
213,Music,10,62.7,1024.22,13.28,none,344053.18,4737.44,0.0,157.58
214,Music,10,42.3469387755102,518.6122448979592,24.26530612244898,none,1166827.7551020407,49567.836734693876,0.0,340.8979591836735
215,Music,10,44.98,757.02,6.04,none,640424.44,25500.12,0.0,518.7
216,Music,10,46.9,1490.46,12.76,upcoming,21000851.32,189235.84,0.0,5557.9
217,Music,10,65.74,637.9,14.14,none,57714.58,1184.0,0.0,41.14
218,Music,10,37.32,921.58,9.14,none,10217472.28,136211.0,0.0,4583.26
219,Music,10,52.98,1086.8,17.98,none,340109.6,12801.98,0.0,542.94
220,Music,10,51.38,853.8,15.82,none,5736063.18,112657.04,0.0,8473.56
221,Music,10,65.56,590.3,11.32,none,140052.9,3667.74,0.0,405.56
222,Music,10,59.74,2538.78,19.18,none,10207168.22,370818.9,0.0,10738.68
223,Music,10,50.84,1691.6,10.48,none,10962767.04,208812.56,0.0,10588.76
224,Music,10,41.78,420.36,15.7,none,156055081.72,991914.64,0.0,41818.0
225,Music,10,50.88,933.86,11.82,none,4948792.24,150856.3,0.0,10661.32
226,Music,10,45.38,419.58,12.52,none,48625878.2,804117.4,0.0,39661.68
227,Music,10,52.74,1527.74,20.46,none,20892664.5,392046.2,0.0,21741.44
228,Music,10,48.38,706.08,12.2,none,2964110.34,63669.84,0.0,1394.98
229,Music,10,68.24,965.12,4.4,none,2367873.32,34872.72,0.0,883.04
230,Music,10,45.92,718.06,24.3,none,6102134.92,117121.26,0.0,5176.0
231,Music,10,50.96,505.82,9.38,none,7829294.42,211978.1,0.0,11883.32
232,Music,10,46.56,1029.76,12.88,none,1141204.88,20240.3,0.0,902.7
233,Music,10,46.16,1441.74,16.98,none,470186.52,11258.18,0.0,304.84
234,Music,10,57.28,725.66,11.0,none,5609796.7,116945.48,0.0,8827.84
235,Music,10,52.84,403.56,3.0,none,2863602.7,49015.8,0.0,1239.94
236,Music,10,58.28,1252.64,17.06,none,10002950.72,339834.8,0.0,14624.78
237,Music,10,63.72,2493.2,34.9,none,49037.68,755.66,0.0,0.0
238,Music,10,44.4,934.18,12.5,none,15499690.04,180572.78,0.0,4758.98
239,Music,10,42.857142857142854,1231.7857142857142,25.214285714285715,none,173935860.57142857,2148753.9285714286,0.0,142199.17857142858
240,Music,10,52.48,1012.18,17.9,none,25263032.04,311979.44,0.0,12456.3
241,Music,10,59.12,287.4,8.24,none,33652.74,519.18,0.0,13.26
242,Music,10,38.06,1753.68,5.74,none,4226385.38,62151.92,0.0,1985.96
243,Music,10,53.34,1730.6,32.28,none,1232249.96,41947.52,0.0,1540.56
244,Music,10,39.9,482.76,12.8,none,489691.42,16927.7,0.0,764.1
245,Music,10,56.98,1271.52,15.0,none,18708469.66,217822.24,0.0,12067.52
246,Music,10,56.16,925.88,19.42,none,2520997.92,47568.4,0.0,1665.28
247,Music,10,49.88,1428.02,18.72,none,33393060.14,727220.26,0.0,29269.4
248,Music,10,48.74,576.26,12.22,none,321728.8,13121.26,0.0,536.7
249,Music,10,53.44,1244.3,31.06,none,18110525.42,208869.18,0.0,7071.82
250,Music,10,41.4,654.76,5.86,none,1355722.52,24950.46,0.0,666.06
251,Music,10,39.51020408163265,2911.5510204081634,22.26530612244898,none,338569.75510204077,5402.571428571428,0.0,230.0204081632653
252,Music,10,45.78,1229.5,20.12,none,74723858.04,379534.12,0.0,11973.66
253,Music,10,42.22,201.56,1.94,none,393998.64,16019.1,0.0,232.14
254,Music,10,62.58,871.14,17.98,none,263648.54,4256.38,0.0,67.0
255,Music,10,58.94,820.32,11.18,none,3388903.18,68484.02,0.0,3072.8
256,Music,10,85.48,2026.42,23.04,none,3187892.94,38655.96,0.0,871.04
257,Music,10,66.18,872.4,6.42,none,1308716.02,21603.78,0.0,997.56
258,Music,10,63.84,1273.16,13.68,none,2502600.46,19750.0,0.0,1287.76
259,Music,10,39.04,530.84,6.1,none,14531.0,337.84,0.0,31.3
260,Music,10,29.0,934.9,19.08,none,5137787.16,205068.24,0.0,12331.88
261,Music,10,62.52,1021.0,15.6,none,1981143.86,35163.38,0.0,1306.1
262,Music,10,53.04,917.24,9.98,none,111557448.02,820563.46,0.0,24465.42
263,Music,10,37.32,2209.56,51.44,none,9229943.66,50256.02,0.0,760.02
264,Music,10,47.42,1724.6,10.72,none,21708540.28,521378.32,0.0,22154.24
265,Music,10,55.0,564.3,15.84,none,80979075.08,531055.68,0.0,25312.98
266,Music,10,45.52,1881.02,15.62,none,29109270.46,240145.18,0.0,6465.16
267,Music,10,60.94,270.28,21.1,none,4097027.7,80445.2,0.0,3859.72
268,Music,10,48.42,1216.06,21.5,none,19340287.46,502097.52,0.0,25924.26
269,Music,10,44.44,930.76,8.92,none,1498768.86,56077.2,0.0,1719.48
270,Music,10,72.86,35.36,0.5,none,12666.88,564.36,0.0,13.26
271,Music,10,46.14,654.74,18.36,none,14615537.66,332407.22,0.0,9105.24
272,Music,10,49.42,836.68,18.16,none,2056009.64,74141.32,0.0,2617.8
273,Music,10,64.92,736.62,9.18,none,54236632.5,317060.78,0.0,9634.4
274,Music,10,47.78,1507.36,11.46,none,34065414.18,350018.12,0.0,16522.38
275,Music,10,41.6,640.68,11.32,none,34749476.52,495154.78,0.0,30334.58
276,Music,10,56.06,465.78,13.22,none,966418.32,49252.78,0.0,541.66
277,Music,10,53.96,746.88,15.46,none,9157088.42,229763.2,0.0,10403.24
278,Music,10,55.88,830.58,26.5,none,2643375.4,36408.38,0.0,1356.62
279,Music,10,41.24,1724.32,10.84,none,3405253.34,54315.76,0.0,2235.26
280,Music,10,53.42,764.62,8.8,none,1954045.38,70352.7,0.0,3398.06
281,Music,10,46.24,741.52,26.14,none,10533517.5,160643.26,0.0,6380.98
282,Music,10,38.68,539.46,9.24,none,74459568.82,593370.18,0.0,17195.76
283,Music,10,28.06,0.0,3.68,none,1724258.18,63126.72,0.0,2770.78
284,Music,10,43.0,1507.62,12.48,none,16296724.82,168716.76,0.0,4368.28
285,Music,10,59.92,911.52,19.9,none,3814300.02,40239.08,0.0,2755.84
286,Music,10,39.3,546.58,14.78,none,559689.1,22926.72,0.0,3270.86
287,Music,10,62.6,869.78,13.74,none,3150356.8,40157.94,0.0,1197.98
288,Music,10,75.0,472.44,19.18,none,20549320.02,168814.04,0.0,7951.24
289,Music,10,48.18,948.2,19.52,none,4543679.76,65202.06,0.0,1914.62
290,Music,10,46.36,2540.62,23.82,none,634016.72,21971.26,0.0,569.54
291,Music,10,46.775510204081634,875.9591836734694,21.877551020408163,none,3688491.591836735,0.0,0.0,0.0
292,Music,10,42.96,329.62,10.4,none,1056191.5,28284.58,0.0,1155.66
293,Music,10,47.86,381.8,6.44,none,58650608.6,656139.68,0.0,24074.52
294,Music,10,60.3,877.28,17.7,none,216746.86,8645.34,0.0,387.54
295,Music,10,45.6,1010.76,25.34,none,35831755.96,614641.64,0.0,15589.74
296,Music,10,55.24,1762.5,23.52,none,567514.06,12608.2,0.0,350.0
297,Music,10,40.9,384.94,26.82,none,12772504.18,225709.56,0.0,4613.0
298,Music,10,53.68,774.44,10.02,none,1732745.42,59706.4,0.0,2824.96
299,Autos & Vehicles,2,50.84,1942.62,4.46,none,4120289.36,145499.56,0.0,6920.46
300,Autos & Vehicles,2,34.04,3546.06,4.04,none,1436194.28,64700.96,0.0,3553.0
301,Autos & Vehicles,2,65.72,791.66,13.38,none,66716.88,1096.78,0.0,83.92
302,Autos & Vehicles,2,37.08,2131.54,22.4,none,205641.9,7804.52,0.0,826.16
303,Autos & Vehicles,2,66.6,2358.16,24.68,none,699819.98,26068.04,0.0,1550.46
304,Autos & Vehicles,2,48.88,285.6,44.48,none,1120934.36,58373.3,0.0,2034.0
305,Autos & Vehicles,2,41.3,225.18,22.6,none,1217548.42,76230.56,0.0,4098.16
306,Autos & Vehicles,2,41.08,220.72,19.28,none,492239.22,25741.82,0.0,1380.32
307,Autos & Vehicles,2,51.14,1157.62,19.7,none,406788.62,11055.04,0.0,1606.36
308,Autos & Vehicles,2,50.88,1597.26,9.72,none,608157.52,29379.7,0.0,2366.02
309,Autos & Vehicles,2,60.76,1325.98,15.46,none,371948.78,8722.56,0.0,633.3
310,Autos & Vehicles,2,49.34,365.0,3.0,none,86146.62,1679.14,0.0,5.02
311,Autos & Vehicles,2,65.54,962.38,28.36,none,23364.16,202.76,0.0,6.14
312,Autos & Vehicles,2,44.86,606.88,7.98,none,719423.76,35546.46,0.0,2016.54
313,Autos & Vehicles,2,74.98,135.6,3.04,none,2132954.66,68678.54,0.0,253.18
314,Autos & Vehicles,2,41.62,246.22,1.3,none,2799240.74,96742.94,0.0,3546.62
315,Autos & Vehicles,2,70.58,2373.02,27.8,none,169279.9,4981.5,0.0,213.16
316,Autos & Vehicles,2,60.36,762.52,17.42,none,1053293.24,6293.72,0.0,1.3
317,Autos & Vehicles,2,52.12,1318.66,0.16,none,46563.46,787.4,0.0,61.46
318,Autos & Vehicles,2,63.54,2135.88,35.42,none,260005.2,9285.7,0.0,712.74
319,Autos & Vehicles,2,32.22,194.58,12.56,none,636513.78,22147.26,0.0,1293.96
320,Autos & Vehicles,2,81.42,2265.44,26.84,none,197773.32,7849.12,0.0,502.14
321,Autos & Vehicles,2,49.12,652.7,17.14,none,45713.92,1366.16,0.0,160.7
322,Autos & Vehicles,2,53.5,1073.68,9.76,none,36700.32,953.4,0.0,12.2
323,Autos & Vehicles,2,83.32,2532.64,51.42,none,900346.54,34231.6,0.0,2240.9
324,Autos & Vehicles,2,73.56,4518.7,24.3,none,964334.92,21832.04,0.0,909.06
325,Autos & Vehicles,2,42.92,555.78,16.76,none,302101.8,17528.22,0.0,1304.32
326,Autos & Vehicles,2,57.16,246.98,11.1,none,1720802.56,26147.14,0.0,828.88
327,Autos & Vehicles,2,43.92,110.92,1.94,none,2580025.86,66706.18,0.0,2326.46
328,Autos & Vehicles,2,34.48,607.46,18.06,none,1429871.44,55048.84,0.0,1552.34
329,Autos & Vehicles,2,49.0,136.66666666666666,6.666666666666668,upcoming,12406.666666666664,0.0,0.0,0.0
330,Autos & Vehicles,2,54.1,632.38,24.34,none,840742.72,49311.2,0.0,4670.2
331,Autos & Vehicles,2,57.12,4149.46,0.04,none,391578.42,3562.18,0.0,131.22
332,Autos & Vehicles,2,63.72,414.02,17.6,none,70762.04,1475.5,0.0,115.64
333,Autos & Vehicles,2,78.66,1705.26,25.44,none,16660.78,538.5,0.0,20.8
334,Autos & Vehicles,2,74.38,2921.14,35.56,none,272472.88,11337.04,0.0,542.36
335,Autos & Vehicles,2,53.46153846153846,871.0769230769231,30.884615384615394,none,11963855.5,75690.30769230769,0.0,1078.1538461538462
336,Autos & Vehicles,2,74.6,1188.24,21.22,none,772347.3,19454.86,0.0,938.3
337,Autos & Vehicles,2,58.75,52.25,1.1388888888888888,none,2000.5,0.0,0.0,0.4444444444444444
338,Autos & Vehicles,2,39.68,3853.54,24.02,none,73137.58,3300.78,0.0,384.7
339,Autos & Vehicles,2,41.6,804.44,39.3,none,113660.44,6606.64,0.0,285.16
340,Autos & Vehicles,2,88.58,718.5,29.06,none,3825.66,33.62,0.0,1.66
341,Autos & Vehicles,2,45.96,229.42,13.76,none,15692.62,719.32,0.0,153.14
342,Autos & Vehicles,2,69.46,544.1,36.96,none,351411.18,18331.54,0.0,1115.2
343,Autos & Vehicles,2,49.76,939.4,8.14,none,127230.34,4613.84,0.0,384.9
344,Autos & Vehicles,2,48.06,211.78,0.0,none,1339.8,13.82,0.0,0.72
345,Autos & Vehicles,2,79.56,476.26,0.0,none,189172.1,5135.42,0.0,428.62
346,Autos & Vehicles,2,60.4,2462.62,17.9,none,473344.98,16084.42,0.0,1192.46
347,Autos & Vehicles,2,48.4,713.2,20.94,none,521207.42,13167.32,0.0,920.04
348,Autos & Vehicles,2,47.16,442.1,9.04,none,751980.58,16642.02,0.0,1122.78
349,Autos & Vehicles,2,44.94,650.64,16.94,none,618520.84,19735.78,0.0,719.98
350,Autos & Vehicles,2,72.76,1567.22,12.98,none,28754.3,1015.74,0.0,40.3
351,Autos & Vehicles,2,50.0,1874.18,34.26,none,3649.08,74.54,0.0,0.16
352,Autos & Vehicles,2,56.14,698.28,21.86,none,478673.56,18719.0,0.0,1603.64
353,Autos & Vehicles,2,62.72,719.88,13.12,none,950874.8,43526.84,0.0,3393.2
354,Autos & Vehicles,2,54.22,1093.7,17.02,none,130545.46,3284.42,0.0,123.7
355,Autos & Vehicles,2,39.80851063829788,1702.3191489361704,29.21276595744681,none,2481673.14893617,19158.808510638297,0.0,527.3829787234041
356,Autos & Vehicles,2,70.44,2541.64,26.7,none,14082.46,611.3,0.0,72.24
357,Autos & Vehicles,2,49.46,2088.96,30.74,none,1002102.92,50269.84,0.0,3094.16
358,Autos & Vehicles,2,58.8,2051.24,15.26,none,69430.98,1469.64,0.0,118.54
359,Autos & Vehicles,2,54.7,1314.22,2.16,none,66685.06,1251.48,0.0,26.22
360,Autos & Vehicles,2,60.72,1655.36,14.32,none,199349.98,3856.86,0.0,298.5
361,Autos & Vehicles,2,52.56666666666667,312.76666666666665,32.166666666666664,none,7437592.333333332,94695.3,0.0,2573.6666666666665
362,Autos & Vehicles,2,79.72,552.9,44.12,none,551455.52,20133.02,0.0,1401.92
363,Autos & Vehicles,2,72.74,111.56,19.0,none,188504.72,10046.8,0.0,1254.64
364,Autos & Vehicles,2,48.0,1099.5,52.3,none,131505.08,5296.74,0.0,843.3
365,Autos & Vehicles,2,60.0,403.44,14.26,none,315542.76,11370.54,0.0,425.06
366,Autos & Vehicles,2,53.22,948.68,67.0,none,258294.52,13118.12,0.0,839.86
367,Autos & Vehicles,2,45.02,630.8,19.08,none,38124.54,1453.02,0.0,148.74
368,Autos & Vehicles,2,79.1,1088.14,32.36,none,170408.22,571.62,0.0,19.92
369,Autos & Vehicles,2,55.22,157.56,0.34,none,1103972.74,58820.42,0.0,312.6
370,Autos & Vehicles,2,49.28,60.58,0.0,none,320238.02,15837.4,0.0,1592.94
371,Autos & Vehicles,2,80.7,919.98,20.48,none,76781.42,2108.7,0.0,372.06
372,Autos & Vehicles,2,58.68,1311.62,27.1,none,113174.38,4176.12,0.0,1033.04
373,Autos & Vehicles,2,61.06,1597.32,39.18,none,34964.78,648.88,0.0,31.1
374,Autos & Vehicles,2,55.08,1924.74,28.2,none,23582.52,755.3,0.0,116.62
375,Autos & Vehicles,2,73.74,1863.3,6.3,none,182949.3,8735.6,0.0,952.0
376,Autos & Vehicles,2,84.06,981.58,22.28,none,192171.26,4282.82,0.0,1101.74
377,Autos & Vehicles,2,59.84,1833.6,22.58,none,82780.68,2846.0,0.0,428.64
378,Autos & Vehicles,2,38.56,0.0,0.0,none,13520.9,637.62,0.0,2.26
379,Autos & Vehicles,2,43.8,1153.54,14.68,none,86543.68,3002.04,0.0,346.38
380,Autos & Vehicles,2,41.76,476.3,13.44,none,79602.1,1663.18,0.0,134.18
381,Autos & Vehicles,2,57.08,4229.12,0.0,none,421789.2,3731.98,0.0,108.14
382,Autos & Vehicles,2,66.58,534.44,22.0,none,249794.86,11475.02,0.0,857.24
383,Autos & Vehicles,2,47.5,83.5,8.0,upcoming,4619039.25,7899.5,0.0,0.0
384,Autos & Vehicles,2,49.6,1329.42,16.52,none,73813.48,2847.3,0.0,258.44
385,Autos & Vehicles,2,72.96,846.72,25.46,none,95089.18,4969.12,0.0,159.94
386,Autos & Vehicles,2,37.24,157.6,12.56,none,81216.5,246.58,0.0,5.16
387,Autos & Vehicles,2,51.0,3243.5,5.5,none,799663.78,33129.46,0.0,1595.26
388,Autos & Vehicles,2,53.44,1867.42,16.06,none,112982.76,1632.08,0.0,61.6
389,Autos & Vehicles,2,84.625,141.9375,25.0,none,34431.25,109.1875,0.0,0.125
390,Autos & Vehicles,2,56.58,1876.4,28.66,none,580823.5,9325.32,0.0,507.8
391,Autos & Vehicles,2,50.12,9.44,4.4,none,1606022.24,127802.44,0.0,1431.02
392,Autos & Vehicles,2,54.32,1518.28,32.34,none,295003.44,7419.16,0.0,479.18
393,Autos & Vehicles,2,40.8,557.3,2.04,none,173616.34,1325.3,0.0,49.42
394,Autos & Vehicles,2,52.36,570.5,21.06,none,95896.3,5580.18,0.0,367.44
395,Autos & Vehicles,2,73.1,608.22,25.96,none,78869.62,1656.94,0.0,339.12
396,Autos & Vehicles,2,29.08,93.06,6.1,none,50816.4,1536.32,0.0,120.18
397,Autos & Vehicles,2,42.8,300.38,14.58,none,411944.22,11951.68,0.0,705.32
398,Autos & Vehicles,2,38.32,706.66,7.34,none,105753.82,2554.52,0.0,334.66
399,Sports,17,70.8,1458.18,27.02,none,367470.48,9473.78,0.0,391.06
400,Sports,17,29.2,1882.48,39.52,none,21337315.36,685397.56,0.0,15852.12
401,Sports,17,58.72,381.1,9.0,none,254488.24,3166.0,0.0,390.7
402,Sports,17,49.7,1120.42,38.66,none,221173.08,5001.24,0.0,540.5
403,Sports,17,69.54,2885.08,26.64,none,2602963.76,78795.94,0.0,4182.82
404,Sports,17,44.7,459.48,16.66,none,2392809.08,90125.46,0.0,6873.66
405,Sports,17,55.4,1453.3,44.3,none,74070.54,2385.68,0.0,117.82
406,Sports,17,49.24,511.24,2.34,none,88275.5,1726.1,0.0,174.5
407,Sports,17,58.38297872340426,388.48936170212767,12.744680851063832,none,21875.72340425532,385.2978723404257,0.0,89.2127659574468
408,Sports,17,42.68,256.32,9.16,none,9072589.92,587364.94,0.0,1952.08
409,Sports,17,33.96,49.6,10.5,none,290401.36,9896.0,0.0,195.04
410,Sports,17,42.4,1310.36,30.84,none,384156.58,16017.16,0.0,533.28
411,Sports,17,31.58,49.9,0.0,none,23172549.78,1002449.52,0.0,1463.48
412,Sports,17,28.38,1292.22,12.88,none,253349.84,10922.24,0.0,513.26
413,Sports,17,58.08,268.96,7.34,none,43808.12,2087.66,0.0,133.54
414,Sports,17,70.54,528.36,15.54,none,107445.18,4617.8,0.0,259.32
415,Sports,17,35.64,4.82,3.5,none,27867.32,1067.38,0.0,11.62
416,Sports,17,40.36,981.16,25.6,none,379257.1,8741.0,0.0,58.9
417,Sports,17,52.16,405.42,12.18,none,395359.7,25426.04,0.0,1978.9
418,Sports,17,44.56,949.26,19.98,none,17197023.44,218489.54,0.0,1282.8
419,Sports,17,87.76,1267.24,42.76,none,45116.28,982.56,0.0,61.76
420,Sports,17,43.16,74.04,0.26,none,897924.7,43613.56,0.0,302.22
421,Sports,17,39.24,2509.72,22.0,none,1392169.64,31203.02,0.0,426.64
422,Sports,17,53.0,4822.98,17.42,none,271735.38,17270.06,0.0,371.04
423,Sports,17,76.0,505.32,6.0,none,148899.94,2906.68,0.0,369.02
424,Sports,17,80.98,1459.16,8.56,none,278311.04,4915.26,0.0,427.2
425,Sports,17,30.7,155.76,14.48,none,108952.08,436.68,0.0,10.24
426,Sports,17,97.88,762.38,37.86,none,8856.0,108.52,0.0,6.1
427,Sports,17,51.58,185.0,0.0,none,56080.9,1983.7,0.0,28.12
428,Sports,17,84.48,2977.14,29.82,none,228066.2,5717.28,0.0,533.0
429,Sports,17,36.3,219.04,17.08,none,13073850.98,139453.98,0.0,1982.48
430,Sports,17,79.26530612244899,656.2448979591836,23.12244897959184,none,935478.387755102,48856.91836734693,0.0,5291.510204081634
431,Sports,17,51.32,512.5,28.1,none,828488.4,11773.4,0.0,67.5
432,Sports,17,33.9,984.9,19.14,none,12114.12,341.54,0.0,12.76
433,Sports,17,88.28,776.26,15.82,none,54631.76,1396.84,0.0,44.82
434,Sports,17,53.54,382.32,12.48,none,2157726.06,15782.34,0.0,104.38
435,Sports,17,72.7,798.98,17.44,none,404129.34,12581.64,0.0,767.94
436,Sports,17,54.74,784.7,12.14,none,49201.54,1557.92,0.0,105.84
437,Sports,17,54.1,682.6,10.36,none,209374.98,1370.86,0.0,50.98
438,Sports,17,46.1,873.98,2.8,none,55924.88,2444.52,0.0,130.26
439,Sports,17,54.34,3923.12,62.1,none,148175.18,4855.76,0.0,458.18
440,Sports,17,44.66,422.94,13.76,none,130013.88,4771.94,0.0,375.76
441,Sports,17,62.48,499.14,11.5,none,82410.88,1272.14,0.0,233.8
442,Sports,17,76.58,812.32,15.02,none,21359.92,528.46,0.0,44.68
443,Sports,17,40.28,362.32,8.92,none,41906.04,1872.4,0.0,124.4
444,Sports,17,57.28,725.22,15.8,none,185209.72,1008.6,0.0,86.34
445,Sports,17,32.4,886.4,1.52,none,36082.38,1037.72,0.0,120.64
446,Sports,17,33.42,204.6,13.8,none,10423621.98,64924.12,0.0,1136.22
447,Sports,17,41.9,0.0,0.0,none,4205157.5,285634.16,0.0,3109.3
448,Sports,17,39.38,1256.08,12.82,none,1408267.3,7823.06,0.0,98.2
449,Sports,17,51.4,418.68,35.34,none,184148.62,6847.68,0.0,266.8
450,Sports,17,94.86,362.56,28.66,none,119927.88,1128.58,0.0,188.12
451,Sports,17,39.6,365.18,3.58,none,5626037.74,162989.34,0.0,2081.32
452,Sports,17,46.22,707.5,10.52,none,1218059.48,20743.66,0.0,1068.5
453,Sports,17,45.42,604.78,12.18,none,398942.34,11736.28,0.0,1053.9
454,Sports,17,78.26,1974.68,22.42,none,70985.1,766.32,0.0,104.94
455,Sports,17,42.3,447.84,17.0,none,22473.36,436.7,0.0,45.14
456,Sports,17,47.68,1148.3,24.18,none,367091.2,19676.52,0.0,399.94
457,Sports,17,41.26,453.72,8.28,none,801729.72,29483.54,0.0,524.42
458,Sports,17,54.44,1411.56,10.52,none,910934.68,33627.22,0.0,1637.04
459,Sports,17,74.42,584.96,51.44,none,429080.22,16171.96,0.0,346.08
460,Sports,17,91.16,2339.98,31.22,none,283549.42,3941.22,0.0,1024.92
461,Sports,17,32.82,268.86,1.08,none,2853405.3,174009.2,0.0,356.28
462,Sports,17,64.46,457.06,9.22,none,612091.4,34004.44,0.0,242.62
463,Sports,17,64.7,822.36,12.7,none,87574.9,5568.5,0.0,389.88
464,Sports,17,87.12,344.26,16.68,none,984964.06,7804.9,0.0,170.18
465,Sports,17,40.86,618.06,3.24,none,394090.2,18818.66,0.0,459.0
466,Sports,17,42.795918367346935,413.6734693877551,19.40816326530612,none,15520.408163265307,358.1020408163265,0.0,30.44897959183673
467,Sports,17,45.32,626.84,26.98,none,32305.52,2292.2,0.0,23.7
468,Sports,17,56.82,755.52,20.08,none,91525.72,1952.96,0.0,270.7
469,Sports,17,40.12,936.74,30.54,none,1897999.84,81994.28,0.0,5803.98
470,Sports,17,48.94,735.12,40.1,none,38957.26,746.5,0.0,32.54
471,Sports,17,33.22,2071.84,4.46,none,6469336.5,54518.28,0.0,588.3
472,Sports,17,38.12,911.86,18.32,none,1509464.98,53086.08,0.0,1297.1
473,Sports,17,51.94,681.44,17.4,none,286691.12,10495.78,0.0,1097.86
474,Sports,17,43.96,266.78,17.58,none,510800.22,4531.14,0.0,75.26
475,Sports,17,54.9,1093.26,19.46,none,102549.02,2491.86,0.0,50.68
476,Sports,17,48.8,561.64,7.1,none,2876.12,79.14,0.0,5.38
477,Sports,17,74.76,622.66,24.18,none,226678.68,3980.02,0.0,557.34
478,Sports,17,37.94,1092.42,51.48,none,195811.7,13478.16,0.0,739.36
479,Sports,17,46.42,948.42,0.0,none,130363.8,5460.2,0.0,424.46
480,Sports,17,81.7,3756.3,30.9,none,791112.68,46280.96,0.0,2423.9
481,Sports,17,42.1,838.1,32.62,none,1416431.82,51017.4,0.0,1803.74
482,Sports,17,83.88,566.68,11.94,none,96764.26,2144.88,0.0,300.6
483,Sports,17,67.28,580.04,8.9,none,1355.44,22.98,0.0,2.46
484,Sports,17,55.68,3680.58,51.44,none,55115.78,1961.7,0.0,137.52
485,Sports,17,21.36,0.0,0.42,none,252256.84,5143.46,0.0,63.86
486,Sports,17,79.3,277.22,24.64,none,43079.08,649.02,0.0,131.56
487,Sports,17,62.34,1292.16,12.6,none,112383.22,6848.94,0.0,114.84
488,Sports,17,78.42,1518.56,18.62,none,143401.02,1434.18,0.0,307.9
489,Sports,17,41.42,2994.44,22.7,none,30174.8,878.16,0.0,52.08
490,Sports,17,46.6,253.82,44.1,none,4887.0,189.44,0.0,8.1
491,Sports,17,45.3,187.66,21.78,none,24477.48,335.96,0.0,53.22
492,Sports,17,51.36,536.18,6.6,none,13497.5,1115.28,0.0,110.06
493,Sports,17,52.7,3255.04,28.22,none,237718.64,5253.16,0.0,478.48
494,Sports,17,49.02,973.36,25.78,none,546642.54,38300.58,0.0,711.22
495,Sports,17,55.26,1001.84,10.6,none,43497.3,838.36,0.0,57.46
496,Sports,17,68.74,772.98,4.16,none,1202427.86,481.22,0.0,22.8
497,Sports,17,76.86,857.92,8.5,none,237323.5,14717.56,0.0,183.98
498,Sports,17,74.14,285.66,8.8,none,32097.84,986.32,0.0,57.8
499,People & Blogs,22,68.28,1442.4,9.94,none,64359.66,2075.0,0.0,156.44
500,People & Blogs,22,43.9,689.6,6.68,none,1514358.28,49314.28,0.0,4482.06
501,People & Blogs,22,47.88,438.12,6.18,none,47745.02,1203.24,0.0,42.7
502,People & Blogs,22,57.1,81.22,5.5,none,2889098.74,8353.26,0.0,0.0
503,People & Blogs,22,35.06,1378.72,28.38,none,6566912.48,205573.18,0.0,1953.66
504,People & Blogs,22,36.82,2995.74,29.3,none,16066525.8,702746.7,0.0,22398.96
505,People & Blogs,22,91.56,2665.46,21.12,none,36477.5,747.12,0.0,55.98
506,People & Blogs,22,69.32,3661.78,10.6,none,5835753.28,110615.56,0.0,4956.9
507,People & Blogs,22,32.3,34.56,0.02,none,19134059.08,1217447.52,0.0,8307.38
508,People & Blogs,22,35.4,874.52,31.44,none,29754138.88,917749.04,0.0,46865.74
509,People & Blogs,22,50.18,146.08,10.12,none,2623521.68,5648.12,0.0,0.0
510,People & Blogs,22,42.92,256.24,19.9,none,6781534.46,502504.4,0.0,1437.46
511,People & Blogs,22,30.52,865.4,1.64,none,729443.48,34740.94,0.0,1652.66
512,People & Blogs,22,40.88,1265.88,30.22,none,4869666.66,381620.92,0.0,9211.88
513,People & Blogs,22,36.12,404.84,29.3,none,8617623.14,122122.24,0.0,6559.58
514,People & Blogs,22,52.96,117.92,12.0,none,1159289.1,25081.14,0.0,5916.4
515,People & Blogs,22,70.48,859.24,22.1,none,181047.08,768.76,0.0,0.0
516,People & Blogs,22,46.68,211.64,17.68,none,1984875.92,52711.72,0.0,231.82
517,People & Blogs,22,44.32,0.0,0.0,none,2089223.14,45758.02,0.0,62.82
518,People & Blogs,22,31.84,184.12,1.4,none,1883563.68,97908.44,0.0,5676.58
519,People & Blogs,22,61.4,1732.0,14.58,none,799191.72,21146.68,0.0,700.76
520,People & Blogs,22,22.8,236.0,10.28,none,44745.64,2024.36,0.0,9.76
521,People & Blogs,22,50.92,502.5,26.64,none,2568722.94,8239.1,0.0,0.0
522,People & Blogs,22,66.68,714.66,24.24,none,3032758.46,10988.82,0.0,0.0
523,People & Blogs,22,47.86,381.8,6.44,none,58653954.64,656170.84,0.0,24074.72
524,People & Blogs,22,78.46,2258.56,26.24,none,1393886.38,24482.88,0.0,819.6
525,People & Blogs,22,85.02,568.44,16.32,none,4435669.76,78705.74,0.0,3266.1
526,People & Blogs,22,39.38,890.88,6.8,none,23635.9,156.06,0.0,0.02
527,People & Blogs,22,44.74,1415.2,12.34,none,34042.14,1171.52,0.0,51.5
528,People & Blogs,22,72.54,46.2,3.32,none,23331.94,132.5,0.0,3.54
529,People & Blogs,22,33.6875,572.125,0.8125,none,9283201.0625,623316.5,0.0,25771.1875
530,People & Blogs,22,64.26,275.32,7.6,none,530439.7,35611.2,0.0,230.68
531,People & Blogs,22,26.0,215.42,1.98,none,1467748.7,72948.22,0.0,581.48
532,People & Blogs,22,54.92,112.02,21.48,none,46568.4,296.7,0.0,0.0
533,People & Blogs,22,53.16,929.4,18.7,none,927244.24,39105.94,0.0,1170.54
534,People & Blogs,22,80.8,359.6,10.36,none,430098.52,14264.12,0.0,667.4
535,People & Blogs,22,50.0,1563.32,20.9,none,125977.46,4577.1,0.0,211.24
536,People & Blogs,22,38.6,1457.54,19.44,none,9723814.96,338862.0,0.0,23077.56
537,People & Blogs,22,30.56,411.08,24.32,none,1060476.08,6297.36,0.0,0.0
538,People & Blogs,22,27.8,1124.18,13.32,none,7628668.64,126840.1,0.0,3790.2
539,People & Blogs,22,65.2,716.46,18.0,none,2840984.06,144395.64,0.0,7227.48
540,People & Blogs,22,47.54,589.46,19.96,none,665412.88,32766.94,0.0,1754.54
541,People & Blogs,22,44.12,1048.82,32.34,none,1832865.36,41947.16,0.0,1567.0
542,People & Blogs,22,33.1,357.84,8.64,none,159100.82,7904.78,0.0,22.34
543,People & Blogs,22,64.72,57.42,12.4,none,171961.38,0.0,0.0,0.0
544,People & Blogs,22,42.0,1024.98,5.52,none,2766222.34,139319.66,0.0,4309.76
545,People & Blogs,22,43.86,455.96,26.32,none,2398510.04,12433.04,0.0,0.0
546,People & Blogs,22,63.62,2109.02,24.9,none,113877.6,3098.74,0.0,125.42
547,People & Blogs,22,36.08,159.32,12.58,none,4780813.06,111174.22,0.0,5514.4
548,People & Blogs,22,78.3,81.6,0.0,none,105388.24,0.0,0.0,1.54
549,People & Blogs,22,58.9,488.2,24.96,none,1944121.4,9784.4,0.0,0.0
550,People & Blogs,22,33.66,252.04,13.92,none,2175088.5,134512.88,0.0,6235.12
551,People & Blogs,22,24.64,48.26,60.52,none,17999954.84,697597.7,0.0,5013.56
552,People & Blogs,22,27.78,641.44,44.34,none,84984.56,4946.44,0.0,803.16
553,People & Blogs,22,40.1,1404.66,28.16,none,11841575.54,431085.88,0.0,8725.58
554,People & Blogs,22,93.76,2517.54,33.88,none,702262.26,14035.5,0.0,728.14
555,People & Blogs,22,41.68,553.04,12.36,none,3039400.5,88950.44,0.0,1084.88
556,People & Blogs,22,65.88,1079.62,31.12,none,171645.96,9892.96,0.0,102.58
557,People & Blogs,22,58.12,297.96,16.5,none,1863028.08,7954.6,0.0,0.0
558,People & Blogs,22,30.57142857142857,413.4285714285714,0.0,none,6616997.428571427,308158.0,0.0,15638.285714285714
559,People & Blogs,22,42.1,264.92,8.64,none,13993.88,173.62,0.0,11.72
560,People & Blogs,22,28.6,217.8,3.18,none,5224123.38,449138.8,0.0,58232.98
561,People & Blogs,22,57.88,455.42,21.78,none,988206.48,47120.82,0.0,2547.78
562,People & Blogs,22,35.86,1251.54,7.1,none,570184.06,34101.64,0.0,951.7
563,People & Blogs,22,46.34,0.0,0.06,none,5533784.4,22956.74,0.0,0.0
564,People & Blogs,22,52.80952380952381,942.1428571428572,16.952380952380953,none,60061013.33333334,537538.1428571428,0.0,16853.904761904763
565,People & Blogs,22,39.86,1714.04,34.14,none,1215332.72,26743.56,0.0,2490.18
566,People & Blogs,22,50.04,682.74,1.0,none,24257.72,1141.34,0.0,42.72
567,People & Blogs,22,42.38,3457.1,47.32,none,5033358.56,237296.88,0.0,17820.48
568,People & Blogs,22,50.16,96.32,18.18,none,910169.9,16138.38,0.0,3261.08
569,People & Blogs,22,71.17647058823529,985.9411764705884,24.117647058823533,none,81630566.88235295,613577.8823529412,0.0,22129.470588235294
570,People & Blogs,22,54.36,802.48,14.98,none,936321.14,56205.06,0.0,5693.14
571,People & Blogs,22,60.0,496.74,24.72,none,966560.72,3074.42,0.0,0.0
572,People & Blogs,22,76.56,749.88,11.44,none,27091.4,357.16,0.0,13.9
573,People & Blogs,22,39.82,2193.78,15.0,none,183655.04,13083.64,0.0,142.84
574,People & Blogs,22,49.56,2093.8,54.36,none,3800792.98,48978.9,0.0,4425.62
575,People & Blogs,22,47.54,1155.56,24.08,none,950420.26,20289.98,0.0,1791.3
576,People & Blogs,22,39.24,365.08,10.0,none,1139226.98,49711.86,0.0,2546.9
577,People & Blogs,22,34.66,190.24,10.0,none,3792427.28,104757.2,0.0,82.14
578,People & Blogs,22,26.42,441.16,2.88,none,1801305.62,100938.66,0.0,3322.48
579,People & Blogs,22,60.66,298.0,15.78,none,2474111.58,14066.3,0.0,0.0
580,People & Blogs,22,81.28,563.78,27.22,none,10818327.04,78665.48,0.0,1887.3
581,People & Blogs,22,31.1,661.54,26.76,none,2193426.86,81586.62,0.0,625.1
582,People & Blogs,22,63.12,2875.34,10.82,none,108713.64,2595.94,0.0,115.88
583,People & Blogs,22,94.98,1385.1,8.46,none,429020.68,2940.22,0.0,93.46
584,People & Blogs,22,46.54,460.64,14.5,none,690208.7,30292.52,0.0,2145.78
585,People & Blogs,22,46.4,1011.3,20.78,none,2538642.26,8854.22,0.0,0.0
586,People & Blogs,22,44.56,1443.62,14.14,none,912383.32,7199.4,0.0,307.16
587,People & Blogs,22,78.56,466.52,7.52,none,12368048.14,89511.58,0.0,1337.02
588,People & Blogs,22,14.844444444444445,0.0,0.0,none,2038858.9111111108,48747.26666666667,0.0,30.8
589,People & Blogs,22,54.58,364.98,10.58,none,143792.52,4147.82,0.0,143.28
590,People & Blogs,22,46.56,1210.92,11.3,none,98955.62,3082.96,0.0,234.38
591,People & Blogs,22,43.0,5.28,0.0,none,4060124.9,242986.38,0.0,236.88
592,People & Blogs,22,90.82,770.5,28.52,none,455571.26,2560.26,0.0,56.24
593,People & Blogs,22,21.66666666666667,21.66666666666667,0.0,none,1480596.0,15467.333333333336,0.0,0.0
594,People & Blogs,22,39.24,915.22,15.72,none,977888.28,38028.4,0.0,5613.32
595,People & Blogs,22,69.0909090909091,1352.7954545454545,18.363636363636363,none,28519873.47727273,193022.9090909091,0.0,2380.7954545454545
596,People & Blogs,22,49.12,876.44,23.12,none,782212.1,5845.76,0.0,14.8
597,People & Blogs,22,33.24,203.36,12.22,none,115238.8,4921.42,0.0,291.22
598,People & Blogs,22,57.86,0.0,0.0,none,1015086.2,22322.46,0.0,30.82
599,Gaming,20,30.12,457.12,7.46,none,3159606.24,204769.04,0.0,13362.34
600,Gaming,20,39.34,950.62,16.34,none,39586690.54,1756646.26,0.0,99414.96
601,Gaming,20,30.38,739.46,0.02,none,39820874.58,984568.0,0.0,38958.92
602,Gaming,20,26.94,640.54,29.52,none,321415.9,14042.2,0.0,639.68
603,Gaming,20,38.18,765.94,0.0,none,2257140.08,103053.94,0.0,3971.4
604,Gaming,20,71.46,801.44,20.46,none,403166.04,8695.52,0.0,210.14
605,Gaming,20,71.34,1145.12,16.7,none,2568886.42,24713.14,0.0,2658.32
606,Gaming,20,54.66,2170.92,20.98,none,1097435.88,36710.1,0.0,1106.88
607,Gaming,20,43.64,641.12,20.6,none,601827.88,4726.68,0.0,550.46
608,Gaming,20,44.92,777.82,23.28,none,1247466.24,62291.98,0.0,13102.88
609,Gaming,20,65.52,493.08,18.82,none,59166.3,1858.08,0.0,161.02
610,Gaming,20,60.7,1378.38,24.48,none,3481122.66,182139.92,0.0,10349.66
611,Gaming,20,35.94,827.76,7.02,none,14704691.1,673375.34,0.0,58111.68
612,Gaming,20,65.3,901.7,25.26,none,1813447.08,72106.24,0.0,3399.4
613,Gaming,20,42.74,698.02,24.0,none,7457278.18,507846.6,0.0,48865.1
614,Gaming,20,45.8,761.0,15.12,none,251377.58,4235.5,0.0,260.7
615,Gaming,20,34.7,407.34,23.1,none,2791253.48,86280.12,0.0,4029.46
616,Gaming,20,64.26,481.22,11.74,none,48167.0,2014.66,0.0,222.04
617,Gaming,20,38.04,610.26,11.18,none,1836599.72,59290.72,0.0,1798.62
618,Gaming,20,39.74,754.54,26.9,none,121700.46,6559.18,0.0,280.52
619,Gaming,20,31.12,109.5,0.0,none,698941.52,26522.32,0.0,1681.04
620,Gaming,20,82.04,2508.44,18.22,none,271407.54,14472.02,0.0,1151.24
621,Gaming,20,17.74,447.5,0.2,none,2347703.06,118959.64,0.0,5330.48
622,Gaming,20,86.46,413.36,23.08,none,6034473.8,77736.98,0.0,818.08
623,Gaming,20,34.9,269.06,23.44,none,148723.1,6360.68,0.0,254.04
624,Gaming,20,37.8,350.82,51.14,none,1640820.96,36993.04,0.0,1303.6
625,Gaming,20,38.26,902.6,6.52,none,126820.94,8886.96,0.0,447.9
626,Gaming,20,30.94,381.12,4.28,none,1824090.7,18860.4,0.0,913.24
627,Gaming,20,25.74,209.86,7.68,none,1624197.08,60732.62,0.0,6344.76
628,Gaming,20,45.16,580.48,22.1,none,99042.08,6041.54,0.0,585.24
629,Gaming,20,40.979591836734684,665.7551020408164,16.061224489795922,none,12025940.306122448,538925.7142857143,0.0,23032.48979591837
630,Gaming,20,45.02,690.18,22.64,none,13515.78,451.62,0.0,9.94
631,Gaming,20,50.0,1563.32,20.9,none,126355.92,4590.38,0.0,211.7
632,Gaming,20,39.24,419.88,24.34,none,27563771.28,583478.14,0.0,55030.3
633,Gaming,20,56.32,793.12,13.92,none,3683131.16,98810.38,0.0,2589.72
634,Gaming,20,40.0,549.58,28.58,none,554365.9,12986.2,0.0,1089.98
635,Gaming,20,36.76,736.88,27.96,none,1203993.72,33933.68,0.0,2277.78
636,Gaming,20,29.36,371.1,11.1,none,231045.64,9666.6,0.0,622.5
637,Gaming,20,28.5,324.22,18.18,none,2307769.86,88935.16,0.0,5364.2
638,Gaming,20,50.76,655.66,7.78,none,1045920.98,105259.3,0.0,3656.74
639,Gaming,20,58.66,898.64,16.64,none,69702.6,2455.76,0.0,245.8
640,Gaming,20,40.94,545.88,17.5,none,2155642.8,122897.12,0.0,1284.14
641,Gaming,20,41.3,1376.26,24.18,none,586609.96,25167.06,0.0,962.22
642,Gaming,20,25.78,959.98,40.82,none,509713.64,12845.84,0.0,887.44
643,Gaming,20,43.78,687.74,19.46,none,214250.08,6048.36,0.0,757.44
644,Gaming,20,88.72340425531915,427.63829787234044,24.14893617021277,none,16578.59574468085,85.1063829787234,0.0,5.851063829787233
645,Gaming,20,44.12,980.72,3.52,none,468772.96,21104.02,0.0,410.04
646,Gaming,20,48.42,808.3,6.32,none,2994142.32,72526.58,0.0,3931.54
647,Gaming,20,20.36,0.0,0.0,none,9379542.6,333536.86,0.0,717.66
648,Gaming,20,59.88,1746.6,26.62,none,517829.08,16771.6,0.0,2237.96
649,Gaming,20,19.5,192.14,8.8,none,12670958.26,410462.8,0.0,51147.78
650,Gaming,20,44.58,683.36,14.26,none,540808.76,20055.04,0.0,1622.54
651,Gaming,20,34.34,1120.98,7.08,none,206340.48,12892.54,0.0,469.48
652,Gaming,20,62.9,502.02,20.54,none,2564355.12,39838.66,0.0,2667.6
653,Gaming,20,37.78,408.42,43.8,none,2892362.1,40023.52,0.0,1610.24
654,Gaming,20,24.62,172.42,14.86,none,3434816.36,200591.9,0.0,8044.48
655,Gaming,20,42.12,415.58,18.58,none,683244.08,142669.44,0.0,3782.16
656,Gaming,20,59.6,425.02,19.18,none,1331841.54,85516.2,0.0,2729.8
657,Gaming,20,59.88,1258.98,14.74,none,1424145.88,76193.16,0.0,3920.06
658,Gaming,20,34.5,527.98,9.42,none,423557.48,15008.66,0.0,317.54
659,Gaming,20,43.28,562.84,9.62,none,2456995.78,64851.36,0.0,8105.82
660,Gaming,20,26.3,580.6,13.82,none,63693.58,2804.02,0.0,393.7
661,Gaming,20,40.74,68.12,22.72,none,1819236.24,144413.46,0.0,362.22
662,Gaming,20,67.58,731.64,10.84,none,587592.16,7793.1,0.0,469.06
663,Gaming,20,65.89189189189189,113.37837837837836,1.5135135135135136,none,16991791.27027027,56419.72972972973,0.0,0.2432432432432433
664,Gaming,20,56.12,160.32,15.62,none,678661.04,40527.76,0.0,1823.44
665,Gaming,20,37.12,1405.6,3.78,none,17952.8,1027.76,0.0,136.54
666,Gaming,20,44.2,674.04,25.34,none,2074637.86,95657.8,0.0,4509.7
667,Gaming,20,53.96,661.42,3.78,none,199478.86,8057.36,0.0,200.44
668,Gaming,20,30.66666666666667,568.0,12.666666666666664,upcoming,255694.0,15209.0,0.0,1243.0
669,Gaming,20,31.98,894.7,26.1,none,1024355.34,38930.04,0.0,2433.26
670,Gaming,20,41.66,1006.58,27.82,none,901339.9,25825.3,0.0,853.68
671,Gaming,20,62.94,874.48,30.0,none,971236.26,79001.32,0.0,3171.34
672,Gaming,20,41.86,675.6,26.18,none,1797299.86,85689.26,0.0,2628.6
673,Gaming,20,48.22,579.26,29.88,none,88271.14,3323.42,0.0,179.32
674,Gaming,20,36.34,1039.28,0.0,none,3454437.72,148458.18,0.0,2336.76
675,Gaming,20,39.02,277.08,11.6,none,2410085.72,78599.14,0.0,1661.18
676,Gaming,20,54.52,285.22,30.7,none,183721.0,10850.12,0.0,460.64
677,Gaming,20,75.82,714.96,20.5,none,20664.94,1047.54,0.0,114.76
678,Gaming,20,79.3,135.04,30.06,none,60072.92,3888.12,0.0,303.94
679,Gaming,20,74.2,840.06,11.2,none,107084.48,12657.32,0.0,178.66
680,Gaming,20,37.2,819.2,0.0,none,1245396.1,65982.96,0.0,3863.22
681,Gaming,20,38.42,334.32,0.0,none,894646.98,23963.18,0.0,1218.1
682,Gaming,20,33.64,1158.28,23.1,none,1678502.32,44694.28,0.0,1517.76
683,Gaming,20,45.5,1193.22,14.28,none,92368.62,3497.26,0.0,174.74
684,Gaming,20,51.04,688.46,25.06,none,121747.16,4645.26,0.0,183.7
685,Gaming,20,53.36,1338.36,24.98,none,638765.28,26936.4,0.0,1535.64
686,Gaming,20,74.6842105263158,223.10526315789474,16.0,none,143385.8947368421,718.5263157894735,0.0,19.21052631578948
687,Gaming,20,39.48,854.46,14.98,none,340870.22,15516.12,0.0,1235.92
688,Gaming,20,28.72,59.68,29.0,none,175313.56,6783.9,0.0,246.9
689,Gaming,20,35.9,166.28,6.46,none,1723764.3,72573.5,0.0,329.3
690,Gaming,20,36.86,0.0,0.0,none,34069813.78,1537625.0,0.0,6551.06
691,Gaming,20,53.3,1978.54,26.96,none,2373347.04,50008.04,0.0,2335.64
692,Gaming,20,43.16,1495.06,3.48,none,211458.06,4995.9,0.0,181.44
693,Gaming,20,52.34,991.46,11.3,none,71743.56,593.08,0.0,32.48
694,Gaming,20,44.44,460.98,2.94,none,188415.24,7487.34,0.0,604.54
695,Gaming,20,45.08,1101.26,17.88,none,260621.06,8336.8,0.0,355.04
696,Gaming,20,47.04,538.06,44.48,none,643869.8,13426.02,0.0,2190.16
697,Entertainment,24,36.72,606.3,0.08,none,104532370.18,3659032.78,0.0,144470.56
698,Entertainment,24,51.68,360.96,14.08,none,39832245.78,124735.56,0.0,0.0
699,Entertainment,24,51.96,323.58,7.48,none,19505836.72,91447.14,0.0,0.0
700,Entertainment,24,55.0,125.02,10.94,none,30857012.72,109539.28,0.0,0.0
701,Entertainment,24,71.14,786.8,8.22,none,193780.8,0.0,0.0,0.0
702,Entertainment,24,48.32,1606.68,18.54,none,43198.08,991.96,0.0,75.82
703,Entertainment,24,54.98,264.2,15.9,none,381259.02,1836.84,0.0,0.0
704,Entertainment,24,82.76,3185.32,28.32,none,150870.0,307.44,0.0,0.0
705,Entertainment,24,52.54,445.68,15.1,none,14430.88,426.6,0.0,29.22
706,Entertainment,24,61.24,464.94,15.32,none,4248440.98,6790.84,0.0,0.0
707,Entertainment,24,71.04,399.76,20.12,none,1284788.02,4699.42,0.0,0.0
708,Entertainment,24,50.28,137.52,12.44,none,1011951.1,4246.62,0.0,0.0
709,Entertainment,24,34.96,456.14,10.06,none,3492184.36,89009.42,0.0,5112.0
710,Entertainment,24,61.54,468.7,23.26,none,18037294.84,83048.14,0.0,0.0
711,Entertainment,24,51.6,703.34,10.48,none,421321.98,6625.64,0.0,190.8
712,Entertainment,24,60.4,579.14,12.94,none,79583519.88,283604.84,0.0,0.0
713,Entertainment,24,50.7,141.88,14.6,none,99178224.1,360543.32,0.0,8062.52
714,Entertainment,24,69.86,2523.24,22.92,none,2415639.0,6188.02,0.0,0.0
715,Entertainment,24,43.46,1357.04,20.12,none,72083.22,1960.44,0.0,239.56
716,Entertainment,24,32.32,1083.04,21.74,none,4977529.0,153406.64,0.0,1492.66
717,Entertainment,24,56.52,563.32,17.04,none,5594816.34,21686.56,0.0,0.0
718,Entertainment,24,61.74,479.72,27.44,none,3248842.16,18068.64,0.0,0.0
719,Entertainment,24,56.62,53.04,0.64,none,233451.12,1076.62,0.0,5.46
720,Entertainment,24,63.32,606.08,11.4,none,65394.86,1563.56,0.0,151.82
721,Entertainment,24,77.76,991.78,24.84,none,119150.08,371.2,0.0,0.0
722,Entertainment,24,54.16,1049.0,18.64,none,625110.06,12063.9,0.0,670.9
723,Entertainment,24,44.58,440.28,6.98,none,23293121.76,620536.88,0.0,54785.98
724,Entertainment,24,52.12,522.84,15.32,none,812363.92,4131.6,0.0,0.0
725,Entertainment,24,90.06,2524.32,43.16,none,41209359.16,840055.96,0.0,47620.02
726,Entertainment,24,40.2,631.2,27.38,none,1504984.9,88781.86,0.0,1891.68
727,Entertainment,24,33.52,803.84,23.74,none,8447127.32,435402.12,0.0,15399.16
728,Entertainment,24,59.62,2.32,0.0,none,81570.22,369.54,0.0,0.0
729,Entertainment,24,65.96,921.18,15.48,none,245934.18,1217.8,0.0,0.0
730,Entertainment,24,61.66,358.98,23.04,none,934773.16,5880.16,0.0,0.0
731,Entertainment,24,58.68,1606.64,24.5,none,2550671.76,142258.82,0.0,801.6
732,Entertainment,24,42.48,497.04,26.22,none,2992081.52,16501.1,0.0,0.0
733,Entertainment,24,54.1,565.66,32.6,none,2917068.02,3617.4,0.0,0.0
734,Entertainment,24,50.8,132.84,16.8,none,379338.88,2252.02,0.0,0.0
735,Entertainment,24,39.36,439.62,0.0,none,16342733.18,916224.06,0.0,15009.78
736,Entertainment,24,44.82,364.06,3.52,none,4566451.44,156781.94,0.0,9080.14
737,Entertainment,24,33.22,605.98,7.08,none,2784853.48,102296.28,0.0,1841.44
738,Entertainment,24,63.26,1305.2,18.12,none,1610594.26,78085.22,0.0,6466.66
739,Entertainment,24,57.3,328.56,14.02,none,17393899.22,56321.78,0.0,0.0
740,Entertainment,24,56.88,1177.36,22.22,none,131888.56,1454.92,0.0,110.32
741,Entertainment,24,36.76,3.0,0.0,none,609078.84,0.0,0.0,0.0
742,Entertainment,24,45.32,439.7,27.28,none,2499429.8,13768.44,0.0,0.0
743,Entertainment,24,56.78,1575.76,19.06,none,18471015.18,426819.98,0.0,19399.26
744,Entertainment,24,26.9,2068.12,25.0,none,23542134.24,589880.42,0.0,11001.86
745,Entertainment,24,71.12,2447.08,23.56,none,145301.54,9460.36,0.0,532.7
746,Entertainment,24,45.9,1217.8,25.18,none,258442.94,7533.5,0.0,43.3
747,Entertainment,24,58.6,914.52,7.16,none,335948.4,13582.92,0.0,549.46
748,Entertainment,24,50.98,647.12,34.34,none,4005121.04,220665.24,0.0,1270.92
749,Entertainment,24,51.5,536.94,15.98,none,6962242.84,18681.24,0.0,0.0
750,Entertainment,24,39.4,499.42,21.04,none,2203156.36,76337.36,0.0,3365.36
751,Entertainment,24,46.36,414.06,8.04,none,1814562.94,10725.12,0.0,0.0
752,Entertainment,24,57.28,80.86,5.32,none,3102322.62,8967.26,0.0,0.0
753,Entertainment,24,39.6,2081.72,0.64,none,10696211.66,74738.96,0.0,380.18
754,Entertainment,24,84.4,1763.82,31.82,none,232875.14,1407.3,0.0,20.84
755,Entertainment,24,57.74,1286.18,12.06,none,650787.66,179.92,0.0,0.0
756,Entertainment,24,95.0,79.38,10.48,none,62095.84,367.94,0.0,9.6
757,Entertainment,24,74.24,577.48,10.16,none,53063.66,1402.74,0.0,129.18
758,Entertainment,24,62.56,466.64,24.64,none,2477283.94,10444.92,0.0,0.0
759,Entertainment,24,27.08,1424.68,41.8,none,46010861.38,430543.96,0.0,6870.2
760,Entertainment,24,37.6,3815.18,11.14,none,1155637.74,44696.7,0.0,1489.56
761,Entertainment,24,53.44,1244.3,31.06,none,18126003.8,208955.1,0.0,7071.14
762,Entertainment,24,42.72,794.8,15.9,none,5803227.62,116709.0,0.0,6169.74
763,Entertainment,24,33.18,238.46,12.94,none,2944541.42,363882.06,0.0,37476.7
764,Entertainment,24,65.42,480.42,18.54,none,63274.92,1944.94,0.0,170.86
765,Entertainment,24,42.68,487.34,12.6,none,347025.4,7584.24,0.0,625.08
766,Entertainment,24,84.84,188.76,18.0,none,3693052.12,15861.42,0.0,0.0
767,Entertainment,24,48.72,618.74,9.5,none,1362575.16,98259.26,0.0,951.02
768,Entertainment,24,56.96,2013.96,33.68,none,695965.2,13304.74,0.0,1933.96
769,Entertainment,24,78.96,1602.34,15.04,none,2004975.12,88248.12,0.0,4490.4
770,Entertainment,24,50.04,144.84,9.84,none,2673912.02,5838.84,0.0,0.0
771,Entertainment,24,47.2,1039.46,31.02,none,4415060.34,33634.36,0.0,1691.04
772,Entertainment,24,60.0,1265.7,12.88,none,1457038.72,37671.68,0.0,1037.2
773,Entertainment,24,48.92,1056.82,11.06,none,8016358.28,274766.34,0.0,10329.14
774,Entertainment,24,60.24,330.74,14.98,none,431496.22,2319.12,0.0,0.0
775,Entertainment,24,97.12,564.64,4.68,none,8862167.36,45652.28,0.0,3.06
776,Entertainment,24,64.68,269.88,9.12,none,455763.96,0.0,0.0,0.7
777,Entertainment,24,61.84,495.72,24.96,none,9204836.04,40735.36,0.0,0.0
778,Entertainment,24,85.98,894.28,16.86,none,874098.46,28445.62,0.0,18.28
779,Entertainment,24,56.24,794.96,26.46,none,6256.06,181.38,0.0,0.0
780,Entertainment,24,40.84,118.94,11.18,none,65679.58,315.34,0.0,0.0
781,Entertainment,24,61.06,923.28,25.22,none,7716877.74,683212.8,0.0,26236.6
782,Entertainment,24,46.22,1270.64,4.12,none,48667.6,888.24,0.0,75.52
783,Entertainment,24,52.46,950.96,10.8,none,195589.52,8749.88,0.0,210.92
784,Entertainment,24,57.64,2080.92,19.86,none,35052221.92,449638.38,0.0,95754.68
785,Entertainment,24,45.8,761.0,15.12,none,251808.2,4241.16,0.0,261.06
786,Entertainment,24,49.6,473.58,19.22,none,11862390.74,453859.36,0.0,3102.08
787,Entertainment,24,53.98,764.62,8.6,none,201044.5,11009.28,0.0,575.2
788,Entertainment,24,52.26,314.78,11.08,none,434552.16,925.5,0.0,0.0
789,Entertainment,24,52.72,1348.34,11.92,none,786394.2,14505.36,0.0,629.74
790,Entertainment,24,43.976744186046496,185.1395348837209,0.0,none,27820092.18604651,110022.6511627907,0.0,1729.6511627906975
791,Entertainment,24,58.16,458.66,32.2,none,4383758.4,159496.84,0.0,5299.76
792,Entertainment,24,38.88,2688.26,44.7,none,2381155.56,36801.08,0.0,5516.76
793,Entertainment,24,31.58,99.22,3.58,none,41101.46,469.86,0.0,0.48
794,Entertainment,24,43.78,588.64,11.3,none,1364108.0,41310.76,0.0,1670.82
795,Entertainment,24,31.08,3044.08,11.16,none,6726848.06,301684.88,0.0,9765.66
796,Entertainment,24,46.1,439.1,28.38,none,2041433.04,12092.3,0.0,0.0
797,Travel & Events,19,33.44,452.2,14.02,none,3598706.5,284699.0,0.0,3367.1
798,Travel & Events,19,62.02,3518.04,19.5,none,2205152.24,43736.82,0.0,2343.1
799,Travel & Events,19,27.78,641.44,44.34,none,89833.84,5160.6,0.0,806.24
800,Travel & Events,19,43.16,124.1,11.0,none,1096204.08,6554.02,0.0,9.26
801,Travel & Events,19,77.92,0.0,16.96,none,1264827.38,9184.22,0.0,524.2
802,Travel & Events,19,53.37837837837838,351.3513513513513,11.405405405405405,none,21337605.72972973,0.10810810810810813,0.0,0.0
803,Travel & Events,19,73.0,1034.98,7.26,none,479239.86,15911.02,0.0,358.9
804,Travel & Events,19,52.14,1751.74,13.58,none,487157.3,22784.54,0.0,1326.22
805,Travel & Events,19,71.32,1772.6,24.14,none,695867.82,17454.5,0.0,606.16
806,Travel & Events,19,43.2,2386.64,33.34,none,860620.96,44827.82,0.0,2465.5
807,Travel & Events,19,50.48,2540.18,25.32,none,1579209.02,45424.82,0.0,2613.64
808,Travel & Events,19,35.34,130.92,9.1,none,219482.38,7345.66,0.0,281.6
809,Travel & Events,19,61.2,1067.64,4.28,none,992562.36,17515.12,0.0,1125.38
810,Travel & Events,19,41.2,2190.14,17.88,none,1853038.12,82965.4,0.0,7470.72
811,Travel & Events,19,46.38,393.94,16.36,none,1734261.68,70561.6,0.0,4488.24
812,Travel & Events,19,41.42,1691.02,25.08,none,351250.54,6018.48,0.0,300.24
813,Travel & Events,19,29.76,1256.72,6.3,none,811289.92,30070.18,0.0,3143.38
814,Travel & Events,19,55.86,737.96,15.84,none,100874.82,1373.6,0.0,102.84
815,Travel & Events,19,50.8,958.28,19.24,none,16614.92,476.7,0.0,142.72
816,Travel & Events,19,52.66,290.1,0.0,none,168438.46,2000.4,0.0,144.4
817,Travel & Events,19,49.24,772.88,22.34,none,172833.1,5103.2,0.0,416.42
818,Travel & Events,19,91.74,625.86,27.26,none,885211.5,3866.38,0.0,202.58
819,Travel & Events,19,46.7,152.4,24.88,none,1792179.68,5908.84,0.0,262.18
820,Travel & Events,19,93.3,1138.56,37.06,none,629058.74,3396.18,0.0,215.6
821,Travel & Events,19,71.86,182.66,14.66,none,201286.02,1889.26,0.0,145.8
822,Travel & Events,19,83.84,541.02,3.96,none,107981.62,1239.66,0.0,81.42
823,Travel & Events,19,40.52,201.84,14.18,none,1198188.4,28231.2,0.0,334.32
824,Travel & Events,19,69.78,1312.74,11.7,none,132984.48,2085.58,0.0,98.22
825,Travel & Events,19,57.8,789.44,22.44,none,592260.8,7181.26,0.0,196.38
826,Travel & Events,19,66.78,3430.34,20.58,none,706406.46,31052.74,0.0,3075.34
827,Travel & Events,19,77.18,1070.42,22.7,none,40053.92,636.74,0.0,27.06
828,Travel & Events,19,47.6,465.36,23.0,none,3823181.3,150145.82,0.0,3386.82
829,Travel & Events,19,65.56,515.96,8.34,none,3049421.62,59852.38,0.0,4061.2
830,Travel & Events,19,31.7,3827.92,43.62,none,2942123.06,42986.42,0.0,5499.4
831,Travel & Events,19,62.42,1583.14,25.16,none,363756.84,7964.3,0.0,520.68
832,Travel & Events,19,38.98,523.3,0.0,none,4574560.52,66915.14,0.0,2618.52
833,Travel & Events,19,69.1,1842.86,20.86,none,527080.3,6640.34,0.0,430.78
834,Travel & Events,19,62.0,780.0,21.0,none,24162.0,966.0,0.0,56.0
835,Travel & Events,19,44.74,3345.46,18.76,none,1069796.74,21390.66,0.0,2642.54
836,Travel & Events,19,65.38,823.72,18.4,none,11290.94,188.18,0.0,21.9
837,Travel & Events,19,60.94,770.56,28.0,none,14343.68,278.08,0.0,28.96
838,Travel & Events,19,39.7,369.58,26.66,none,2065633.26,42317.26,0.0,4755.22
839,Travel & Events,19,91.98,543.12,16.66,none,250671.46,7601.26,0.0,277.56
840,Travel & Events,19,45.54,387.82,11.08,none,165657.76,5084.56,0.0,87.28
841,Travel & Events,19,53.08,1936.16,5.44,upcoming,342372.46,7621.72,0.0,378.48
842,Travel & Events,19,82.32,268.96,8.78,none,936403.52,4314.0,0.0,162.7
843,Travel & Events,19,62.98,459.84,19.98,none,101083.56,197.28,0.0,0.0
844,Travel & Events,19,61.28,2433.98,5.76,none,188575.88,7159.34,0.0,452.82
845,Travel & Events,19,44.56,1290.2,10.84,none,275310.58,2258.92,0.0,146.62
846,Travel & Events,19,29.2,392.06,23.34,none,876068.36,16837.66,0.0,1116.6
847,Travel & Events,19,50.62,252.62,18.42,none,187172.86,5591.44,0.0,419.7
848,Travel & Events,19,77.54,1246.0,25.26,none,443961.58,9890.58,0.0,336.88
849,Travel & Events,19,89.82,649.34,15.02,none,6513.6,125.7,0.0,10.28
850,Travel & Events,19,56.08,1470.74,18.18,none,7697.52,235.9,0.0,27.94
851,Travel & Events,19,31.68,264.42,11.78,none,157675.86,5349.48,0.0,177.64
852,Travel & Events,19,37.18,728.4,18.54,none,56229.32,1440.76,0.0,372.92
853,Travel & Events,19,52.44,1382.82,25.08,none,127730.8,2437.48,0.0,207.06
854,Travel & Events,19,96.38,987.62,0.0,none,2695.86,65.14,0.0,4.78
855,Travel & Events,19,95.2,4001.7,29.1,none,155110.9,2533.8,0.0,91.7
856,Travel & Events,19,91.34,2597.24,28.22,none,26231.32,372.86,0.0,21.02
857,Travel & Events,19,45.7,283.96,17.98,none,7137992.38,17464.46,0.0,249.38
858,Travel & Events,19,63.26,1088.66,53.88,none,1020627.16,12512.46,0.0,646.6
859,Travel & Events,19,58.8,158.38,14.52,none,10001.38,22.98,0.0,9.86
860,Travel & Events,19,48.74,1423.0,6.24,none,28141.24,1003.0,0.0,169.7
861,Travel & Events,19,91.5,2737.6,31.08,none,956681.68,6758.8,0.0,169.66
862,Travel & Events,19,70.76,891.6,8.8,none,2593.32,69.26,0.0,3.66
863,Travel & Events,19,76.36,507.86,26.44,none,21307.5,755.02,0.0,59.62
864,Travel & Events,19,93.26,2449.38,17.08,none,105991.28,4581.46,0.0,235.96
865,Travel & Events,19,87.62,1721.48,9.56,none,23969.82,598.08,0.0,96.18
866,Travel & Events,19,44.04,326.06,11.46,none,518548.22,28315.74,0.0,852.02
867,Travel & Events,19,39.06,437.98,8.0,none,44221.7,1151.16,0.0,62.74
868,Travel & Events,19,63.08,1480.74,32.5,none,244357.4,12598.88,0.0,645.36
869,Travel & Events,19,55.62,0.0,0.0,none,6532.0,168.02,0.0,0.52
870,Travel & Events,19,75.84,710.38,4.0,none,1547.54,2.92,0.0,5.9
871,Travel & Events,19,44.34,97.74,4.82,none,209905.94,5864.32,0.0,263.02
872,Travel & Events,19,44.28,916.84,20.8,none,182927.96,3594.8,0.0,383.96
873,Travel & Events,19,56.4,1747.46,23.7,none,447632.3,15878.52,0.0,2056.14
874,Travel & Events,19,95.02,365.72,22.36,none,31490.92,988.98,0.0,20.56
875,Travel & Events,19,39.92,310.06,3.72,none,375351.62,11707.74,0.0,760.48
876,Travel & Events,19,47.58,829.96,11.84,none,58681.16,816.52,0.0,177.8
877,Travel & Events,19,48.84,617.26,19.16,none,108841.92,4722.96,0.0,274.32
878,Travel & Events,19,89.42,1630.36,17.94,none,33568.26,908.6,0.0,322.64
879,Travel & Events,19,47.72,2102.24,15.84,none,150857.48,2582.4,0.0,407.7
880,Travel & Events,19,40.92,591.08,22.4,none,457621.92,2699.34,0.0,103.64
881,Travel & Events,19,66.7,926.22,36.88,none,319158.0,15523.22,0.0,1190.06
882,Travel & Events,19,46.6304347826087,802.5,8.717391304347826,none,1449258.9782608696,34320.32608695652,0.0,2397.978260869565
883,Travel & Events,19,52.08,368.48,4.78,none,11334.12,27.7,0.0,3.76
884,Travel & Events,19,63.46,1504.38,25.1,none,23790.4,1779.42,0.0,140.48
885,Travel & Events,19,53.92,318.98,0.0,none,232010.56,19928.32,0.0,809.12
886,Travel & Events,19,38.38,1079.46,21.8,none,503242.72,25483.82,0.0,2069.34
887,Travel & Events,19,38.88,244.0,0.08,none,113479.46,4013.04,0.0,120.5
888,Travel & Events,19,63.38,2650.7,42.0,none,55655.42,4180.54,0.0,266.26
889,Travel & Events,19,58.92,189.7,0.1,none,4667.86,103.76,0.0,10.02
890,Travel & Events,19,62.52,704.22,16.28,none,57764.7,4221.32,0.0,416.28
891,Travel & Events,19,34.82,86.18,5.6,none,7924.76,461.1,0.0,172.52
892,Travel & Events,19,56.54,929.78,21.34,none,12345.84,276.94,0.0,34.18
893,Travel & Events,19,62.3,1680.34,10.18,none,143896.34,6558.9,0.0,123.0
894,Travel & Events,19,51.26,1953.56,0.22,none,50492.4,2724.5,0.0,207.36
895,Travel & Events,19,57.28,39.64,4.62,none,57776.08,2836.46,0.0,242.5
896,Travel & Events,19,41.82,0.0,0.46,none,23798.58,663.34,0.0,279.24
897,Howto & Style,26,51.54,2203.88,19.5,none,499293.6,8628.34,0.0,53.68
898,Howto & Style,26,47.68,1294.26,9.3,none,17827189.86,465031.4,0.0,20419.44
899,Howto & Style,26,59.24,2810.68,23.78,none,538846.66,4453.86,0.0,262.28
900,Howto & Style,26,37.0,824.76,14.48,none,106390.16,4332.42,0.0,112.42
901,Howto & Style,26,47.6,1562.86,36.4,none,17007.24,306.58,0.0,10.36
902,Howto & Style,26,49.84,1950.44,40.24,none,31002.58,201.36,0.0,11.46
903,Howto & Style,26,53.06,1273.64,12.8,none,2655726.42,87427.92,0.0,8954.86
904,Howto & Style,26,54.58,1643.04,35.22,none,20122.16,274.9,0.0,6.32
905,Howto & Style,26,65.14,1529.64,40.96,none,82776.48,354.3,0.0,8.42
906,Howto & Style,26,70.96,376.0,7.76,none,612819.2,36706.64,0.0,236.58
907,Howto & Style,26,35.18,547.3,5.64,none,88293.98,5191.78,0.0,237.12
908,Howto & Style,26,44.0,4765.72,22.98,none,555436.02,22546.2,0.0,1155.7
909,Howto & Style,26,47.32,538.26,11.0,none,668166.88,5578.38,0.0,29.74
910,Howto & Style,26,62.56,1741.78,14.38,none,801364.8,19706.44,0.0,654.78
911,Howto & Style,26,97.74,1464.64,41.18,none,761686.3,4723.74,0.0,131.62
912,Howto & Style,26,62.64,148.0,34.0,none,2793028.82,150807.84,0.0,81.78
913,Howto & Style,26,37.1,2606.3,44.56,none,2428619.52,37151.2,0.0,5423.38
914,Howto & Style,26,48.24,1778.74,21.16,none,1412659.08,28363.22,0.0,1641.78
915,Howto & Style,26,61.82,271.0,1.0,none,229676.28,1345.9,0.0,12.74
916,Howto & Style,26,50.88,1135.7,31.9,none,625028.12,31818.38,0.0,1336.92
917,Howto & Style,26,95.52,1522.38,12.08,none,210448.3,1638.48,0.0,46.78
918,Howto & Style,26,47.38,1513.48,41.46,none,7352.58,61.22,0.0,3.78
919,Howto & Style,26,51.02,1838.28,30.76,none,48093.44,413.18,0.0,11.28
920,Howto & Style,26,63.58,23.38,7.36,none,29296.26,918.68,0.0,1.22
921,Howto & Style,26,53.48,1702.3,35.28,none,8635.62,142.0,0.0,6.16
922,Howto & Style,26,43.84,538.02,10.72,none,497542.38,21300.72,0.0,1399.24
923,Howto & Style,26,54.18,1632.44,12.94,none,805125.92,34832.08,0.0,1179.36
924,Howto & Style,26,51.72,609.92,7.68,none,300156.54,3081.4,0.0,345.66
925,Howto & Style,26,35.24,3678.92,21.46,none,274284.24,2405.96,0.0,50.02
926,Howto & Style,26,55.72,183.0,14.34,none,33224.8,643.56,0.0,6.22
927,Howto & Style,26,40.88,418.72,12.86,none,965664.76,41570.16,0.0,2128.6
928,Howto & Style,26,50.02,800.2,23.0,none,596398.3,25912.94,0.0,28.66
929,Howto & Style,26,42.7,1041.62,8.18,none,3645240.66,169444.16,0.0,3616.58
930,Howto & Style,26,52.94,1881.44,38.28,none,24184.28,232.96,0.0,5.4
931,Howto & Style,26,20.1,211.38,1.92,none,2350082.84,28721.7,0.0,34.4
932,Howto & Style,26,33.64,1220.28,11.18,none,9794.58,197.6,0.0,25.88
933,Howto & Style,26,31.06,1447.36,38.12,none,925643.36,44915.96,0.0,2704.5
934,Howto & Style,26,38.2,1806.22,38.98,none,364438.24,21909.78,0.0,1909.26
935,Howto & Style,26,45.02,173.32,12.3,none,346131.24,20846.82,0.0,99.28
936,Howto & Style,26,48.9,976.06,13.0,none,331243.02,17864.98,0.0,410.08
937,Howto & Style,26,44.74,535.62,7.96,none,335938.82,19550.36,0.0,286.04
938,Howto & Style,26,56.18,2332.28,30.84,none,782987.46,8368.76,0.0,185.52
939,Howto & Style,26,40.26,124.0,6.98,none,1665743.4,17149.24,0.0,42.94
940,Howto & Style,26,43.94,1753.58,12.02,none,97466.42,1705.82,0.0,0.0
941,Howto & Style,26,51.22,900.96,19.7,none,834230.62,38099.4,0.0,2241.86
942,Howto & Style,26,76.14,1521.7,7.84,none,270507.7,3808.7,0.0,233.48
943,Howto & Style,26,40.94,4182.16,4.94,none,380109.44,20241.32,0.0,882.28
944,Howto & Style,26,87.14,990.64,0.3,none,4450329.44,399428.32,0.0,3455.06
945,Howto & Style,26,58.94,721.68,23.74,none,685598.04,27471.96,0.0,1253.98
946,Howto & Style,26,54.94,2557.52,14.36,none,1115950.6,49938.52,0.0,2551.1
947,Howto & Style,26,96.18,1265.46,31.46,none,151578.38,996.94,0.0,24.18
948,Howto & Style,26,21.34,198.24,0.0,none,1181485.96,82107.9,0.0,283.18
949,Howto & Style,26,70.6,1456.42,2.02,none,46856.56,1238.62,0.0,66.22
950,Howto & Style,26,43.78,873.2,18.08,none,5095681.22,258694.26,0.0,26900.48
951,Howto & Style,26,54.48,2612.54,21.8,none,76384.8,4144.22,0.0,316.76
952,Howto & Style,26,61.5,1484.96,30.38,none,19278.52,167.46,0.0,3.86
953,Howto & Style,26,50.94,1736.36,24.66,none,1056640.38,44445.84,0.0,1176.14
954,Howto & Style,26,77.96,330.42,12.32,none,1716171.52,150572.32,0.0,1416.82
955,Howto & Style,26,34.26,172.74,10.04,none,4416561.9,115021.88,0.0,93.4
956,Howto & Style,26,77.18,1779.9,25.4,none,387869.54,7829.22,0.0,330.82
957,Howto & Style,26,30.6,305.24,2.02,none,54578.02,1430.88,0.0,85.16
958,Howto & Style,26,60.46,1492.22,33.24,none,9680.56,142.16,0.0,3.64
959,Howto & Style,26,37.64,1314.12,5.64,none,286056.6,11242.48,0.0,722.58
960,Howto & Style,26,42.76,578.0,10.32,none,350946.52,14891.62,0.0,421.26
961,Howto & Style,26,68.46,1309.86,16.32,none,33437.08,935.84,0.0,24.72
962,Howto & Style,26,78.94,767.5,0.72,none,52435.46,212.4,0.0,17.0
963,Howto & Style,26,38.5,822.8,24.0,none,89273.2,5662.16,0.0,223.22
964,Howto & Style,26,35.28,443.0,17.96,none,59655.76,2890.36,0.0,230.32
965,Howto & Style,26,44.96,1003.08,16.44,none,1853740.62,37711.62,0.0,3156.5
966,Howto & Style,26,43.24,1345.82,20.12,none,1151055.04,35368.82,0.0,1111.48
967,Howto & Style,26,58.78,463.3,7.36,none,31135.12,1157.1,0.0,29.44
968,Howto & Style,26,84.08,1981.4,21.64,none,1105341.38,28151.88,0.0,1201.46
969,Howto & Style,26,46.1,1375.94,21.86,none,554667.34,24779.18,0.0,2654.36
970,Howto & Style,26,51.94,451.42,13.6,none,1454270.34,110216.46,0.0,13570.86
971,Howto & Style,26,49.82,937.32,16.86,none,108827.02,4347.26,0.0,267.96
972,Howto & Style,26,78.98,1221.74,14.44,none,315781.46,17160.22,0.0,1347.96
973,Howto & Style,26,71.88,884.72,7.72,none,396057.6,8035.92,0.0,554.28
974,Howto & Style,26,71.14,1736.58,34.12,none,7572.18,54.9,0.0,2.0
975,Howto & Style,26,44.38,701.1,8.0,none,1615254.88,19855.86,0.0,191.88
976,Howto & Style,26,49.28,20.64,1.2,none,29257.18,1544.4,0.0,22.82
977,Howto & Style,26,61.48,1243.86,32.36,none,15584.9,209.6,0.0,4.12
978,Howto & Style,26,21.58,1.4,0.0,none,5509579.72,377187.94,0.0,2720.8
979,Howto & Style,26,89.7,1347.68,17.02,none,589867.02,3727.92,0.0,76.7
980,Howto & Style,26,92.52,1020.26,22.14,none,421735.94,1175.8,0.0,49.7
981,Howto & Style,26,53.1,2184.36,23.76,none,219011.58,10919.84,0.0,817.74
982,Howto & Style,26,64.64,145.46,2.76,none,319958.04,339.66,0.0,39.88
983,Howto & Style,26,91.74,1436.06,33.38,none,1022523.86,12521.26,0.0,49.26
984,Howto & Style,26,33.74,791.58,26.66,none,4643704.22,418856.1,0.0,4640.72
985,Howto & Style,26,34.64,856.26,6.66,none,456161.76,13260.14,0.0,1198.58
986,Howto & Style,26,33.14,1429.48,21.68,none,4829607.58,309774.62,0.0,1818.82
987,Howto & Style,26,88.82,774.02,10.46,none,107192.42,890.98,0.0,31.24
988,Howto & Style,26,31.32,642.2,1.28,none,7314.16,165.58,0.0,9.62
989,Howto & Style,26,52.02,1382.04,19.7,none,314760.86,12282.1,0.0,807.32
990,Howto & Style,26,43.44,1308.54,29.8,none,127118.54,5315.04,0.0,283.44
991,Howto & Style,26,62.6,574.84,19.54,none,483399.2,20106.06,0.0,413.22
992,Howto & Style,26,86.46,1721.62,34.36,none,159408.24,1027.2,0.0,27.04
993,Howto & Style,26,80.12,87.0,1.0,none,26581.26,215.72,0.0,9.38
994,Howto & Style,26,48.2,924.5,2.9,none,6590432.28,199087.48,0.0,10344.54
995,Howto & Style,26,69.8,1630.1,24.88,none,569959.38,13435.04,0.0,637.04
996,Howto & Style,26,69.54,709.64,17.4,none,571639.9,11525.38,0.0,127.72
